employer,notice_date,number_of_employees_affected,warn_type,city,zip,lwib_area,address,record_number,detail_page_url
GNC Distribution Center,"Jan 07, 2026",66,WARN,Phoenix,85041,5 - ARIZONA@WORK - City of Phoenix,"1002 S 63rd Ave.; Phoenix, Arizona 85041",937,https://www.azjobconnection.gov/search/warn_lookups/937
Safeway Inc.,"Jan 14, 2025",225,WARN,Phoenix,85027,5 - ARIZONA@WORK - City of Phoenix,"20427 N. 27th Ave; Phoenix, Arizona 85027",843,https://www.azjobconnection.gov/search/warn_lookups/843
DFC,"Apr 29, 2025",33,WARN,Chandler,85226,7 - ARIZONA@WORK - Maricopa County,"6900 W Morelos Place, Suite 2; Chandler, Arizona 85226",878,https://www.azjobconnection.gov/search/warn_lookups/878
ManpowerGroup US Inc.,"Jan 27, 2025",564,WARN,Goodyear,85338,7 - ARIZONA@WORK - Maricopa County,"14170 W Yuma Rd.; Goodyear, Arizona 85338",844,https://www.azjobconnection.gov/search/warn_lookups/844
Nikola Corporation,"Feb 19, 2025",540,WARN,Phoenix,85040,5 - ARIZONA@WORK - City of Phoenix,"4141 East Broadway; Phoenix, Arizona 85040",848,https://www.azjobconnection.gov/search/warn_lookups/848
Nikola Corporation,"Feb 19, 2025",,WARN,Coolidge,85128,2003 - ARIZONA@WORK - Pinal,,849,https://www.azjobconnection.gov/search/warn_lookups/849
Behavioral Health Link,"Feb 19, 2025",2,WARN,Atlanta,30361,7 - ARIZONA@WORK - Maricopa County,"1201 Peachtree St. NE, Ste. 1215; Atlanta, Georgia 30361",852,https://www.azjobconnection.gov/search/warn_lookups/852
"Veyer, LLC","Feb 28, 2025",60,WARN,Phoenix,85043,5 - ARIZONA@WORK - City of Phoenix,"602 S. 63rd Avenue; Phoenix, Arizona 85043",856,https://www.azjobconnection.gov/search/warn_lookups/856
LUKE Holding Inc.,"Feb 28, 2025",34,WARN,Tucson,85756,6 - ARIZONA@WORK - Pima,"4550 E. Los Reales Road; Tucson, Arizona 85756",854,https://www.azjobconnection.gov/search/warn_lookups/854
LUKE Holding Inc.,"Feb 28, 2025",19,WARN,Nogales,85621,8 - ARIZONA@WORK - Santa Cruz County,"1500 W La Quinta Road; Nogales, Arizona 85621",855,https://www.azjobconnection.gov/search/warn_lookups/855
LUKE Holding Inc.,"Feb 28, 2025",54,WARN,Yuma,85364,9 - ARIZONA@WORK - Yuma County,"4035 S Avenue A; Yuma, Arizona 85364",853,https://www.azjobconnection.gov/search/warn_lookups/853
Microchip,"Mar 03, 2025",330,WARN,Tempe,85281,7 - ARIZONA@WORK - Maricopa County,"1200 S 52nd St; Tempe, Arizona 85281",857,https://www.azjobconnection.gov/search/warn_lookups/857
"TXP - Transfer Express, Inc.","Apr 29, 2025",,WARN,Chandler,85226,7 - ARIZONA@WORK - Maricopa County,,879,https://www.azjobconnection.gov/search/warn_lookups/879
"Tilson Technology Management, Inc.","May 05, 2025",117,WARN,Chandler,85226,7 - ARIZONA@WORK - Maricopa County,"6725 W Alison Rd; Chandler, Arizona 85226",880,https://www.azjobconnection.gov/search/warn_lookups/880
District Medical Group (Children's Rehabilitative Services),"Apr 25, 2025",118,WARN,Phoenix,85013,5 - ARIZONA@WORK - City of Phoenix,"3141 N. 3rd Ave, Ste. 100; Phoenix, Arizona 85013",877,https://www.azjobconnection.gov/search/warn_lookups/877
DLP Services,"Mar 19, 2025",218,WARN,Yuma,85364,9 - ARIZONA@WORK - Yuma County,"791 S. 4th St.; Yuma, Arizona 85364",864,https://www.azjobconnection.gov/search/warn_lookups/864
"Block, INC.","Mar 25, 2025",,WARN,Oakland,94612,7 - ARIZONA@WORK - Maricopa County,,869,https://www.azjobconnection.gov/search/warn_lookups/869
General Dynamics Information Technology,"Mar 28, 2025",110,WARN,Falls Church,22042,1 - ARIZONA@WORK - Southeastern Arizona,"3150 Fairview Park Drive; Falls Church, Virginia 22042",870,https://www.azjobconnection.gov/search/warn_lookups/870
Berger Logistics,"Apr 01, 2025",121,WARN,Phoenix,85014,5 - ARIZONA@WORK - City of Phoenix,"4747 N 7th Street, Suite 220; Phoenix, Arizona 85014",871,https://www.azjobconnection.gov/search/warn_lookups/871
"Crisis Preparation & Recovery, Inc.","May 06, 2025",73,WARN,Phoenix,85037,5 - ARIZONA@WORK - City of Phoenix,"9321 W Thomas Rd, Suite 100; Phoenix, Arizona 85037",881,https://www.azjobconnection.gov/search/warn_lookups/881
Southwest Key Programs,"Aug 06, 2025",,WARN,Phoenix,85007,7 - ARIZONA@WORK - Maricopa County,,913,https://www.azjobconnection.gov/search/warn_lookups/913
"Franklin Foods, Inc.","Dec 05, 2025",83,WARN,Casa Grande,85122,2003 - ARIZONA@WORK - Pinal,"1221 W Gila Bend Hwy; Casa Grande, Arizona 85122",933,https://www.azjobconnection.gov/search/warn_lookups/933
Florence Immigrant & Refugee Rights Project,"May 16, 2025",47,WARN,Phoenix,85064,5 - ARIZONA@WORK - City of Phoenix,"P.O. Box 32670; Phoenix, Arizona 85064",882,https://www.azjobconnection.gov/search/warn_lookups/882
Meyer Burger Americas,"May 22, 2025",355,WARN,Goodyear,85338,7 - ARIZONA@WORK - Maricopa County,"1685 S. Litchfield Rd; Goodyear, Arizona 85338",883,https://www.azjobconnection.gov/search/warn_lookups/883
Nordstrom Credit Bank,"May 29, 2025",9,WARN,Englewood,80111,7 - ARIZONA@WORK - Maricopa County,"13531 E Caley Avenue; Englewood, Colorado 80111",885,https://www.azjobconnection.gov/search/warn_lookups/885
iQor Holdings US LLC,"May 30, 2025",148,WARN,Tempe,85282,7 - ARIZONA@WORK - Maricopa County,"1330 W. Southern Avenue, Suite 301; Tempe, Arizona 85282",886,https://www.azjobconnection.gov/search/warn_lookups/886
US Cellular Corporation,"May 22, 2025",,WARN,Chicago,60631,7 - ARIZONA@WORK - Maricopa County,,884,https://www.azjobconnection.gov/search/warn_lookups/884
Mural Technologies,"Jun 09, 2025",57,WARN,Tucson,85747,6 - ARIZONA@WORK - Pima,"1455 W. River Rd; Tucson, Arizona 85747",890,https://www.azjobconnection.gov/search/warn_lookups/890
Hickman's Family Farms,"Jun 16, 2025",85,WARN,Buckeye,85326,7 - ARIZONA@WORK - Maricopa County,"6515 S. Jackrabbit Trail; Buckeye, Arizona 85326",893,https://www.azjobconnection.gov/search/warn_lookups/893
Ruan Transport Corporation,"Jul 01, 2025",144,WARN,Tolleson,85353,7 - ARIZONA@WORK - Maricopa County,"500 S 99th Ave; Tolleson, Arizona 85353",898,https://www.azjobconnection.gov/search/warn_lookups/898
"Sodexo, Inc and Affiliates","Jul 02, 2025",71,WARN,Glendale,85306,7 - ARIZONA@WORK - Maricopa County,"5815 WEST GREENWAY ROAD; Glendale, Arizona 85306",899,https://www.azjobconnection.gov/search/warn_lookups/899
"Zeco Systems, Inc.","Aug 18, 2025",1,WARN,Los Angeles,90021,7 - ARIZONA@WORK - Maricopa County,"767 S Alameda, Suite 200; Los Angeles, California 90021",915,https://www.azjobconnection.gov/search/warn_lookups/915
Cruise LLC,"Feb 04, 2025",93,WARN,Phoenix,85040,7 - ARIZONA@WORK - Maricopa County,"4410 E Cotton Center Blvd; Phoenix, Arizona 85040",846,https://www.azjobconnection.gov/search/warn_lookups/846
"QB Intermediate Holdings, LLC, AKA Quality Built, LLC","Jul 07, 2025",,WARN,Fort Lauderdale,33301,7 - ARIZONA@WORK - Maricopa County,,900,https://www.azjobconnection.gov/search/warn_lookups/900
Nordstrom Credit Bank,"Jun 26, 2025",9,WARN,Englewood,80111,7 - ARIZONA@WORK - Maricopa County,"13531 E. Caley Avenue; Englewood, Colorado 80111",897,https://www.azjobconnection.gov/search/warn_lookups/897
Intel Corporation,"Jul 07, 2025",696,WARN,Chandler,85226,7 - ARIZONA@WORK - Maricopa County,"5000 W Chandler Blvd; Chandler, Arizona 85226",901,https://www.azjobconnection.gov/search/warn_lookups/901
"WeDriveU, Inc.","Jul 16, 2025",138,WARN,Tucson,85713,6 - ARIZONA@WORK - Pima,"829 W. Silverlake Rd.; Tucson, Arizona 85713",905,https://www.azjobconnection.gov/search/warn_lookups/905
KIRA Services LLC.,"Jul 17, 2025",,WARN,Wellton,85356,9 - ARIZONA@WORK - Yuma County,,906,https://www.azjobconnection.gov/search/warn_lookups/906
"Ryder Integrated Logistics, Inc.","Jul 22, 2025",58,WARN,Yuma,85365,9 - ARIZONA@WORK - Yuma County,"3349 E. 24th St; Yuma, Arizona 85365",907,https://www.azjobconnection.gov/search/warn_lookups/907
Gannett Publishing Services,"Jul 22, 2025",117,WARN,Phoenix,85027,5 - ARIZONA@WORK - City of Phoenix,"22600 N. 19th Ave; Phoenix, Arizona 85027",908,https://www.azjobconnection.gov/search/warn_lookups/908
Nordstrom Credit Bank,"Jul 29, 2025",16,WARN,Englewood,80111,7 - ARIZONA@WORK - Maricopa County,"13531 E Caley Avenue; Englewood, Colorado 80111",909,https://www.azjobconnection.gov/search/warn_lookups/909
Southwest Key Programs,"Jul 31, 2025",1467,WARN,Mesa,85204,7 - ARIZONA@WORK - Maricopa County,"723 E 2nd Avenue; Mesa, Arizona 85204",910,https://www.azjobconnection.gov/search/warn_lookups/910
"Freight Handlers, LLC","Aug 20, 2025",77,WARN,Phoenix,85043,5 - ARIZONA@WORK - City of Phoenix,"5305 W Buckeye Rd; Phoenix, Arizona 85043",916,https://www.azjobconnection.gov/search/warn_lookups/916
Nordstrom,"Aug 21, 2025",10,WARN,Centennial,80111,7 - ARIZONA@WORK - Maricopa County,"13531 East Caley Avenue; Centennial, Colorado 80111",917,https://www.azjobconnection.gov/search/warn_lookups/917
Intel Corporation,"Aug 25, 2025",,WARN,Chandler,85226,7 - ARIZONA@WORK - Maricopa County,,918,https://www.azjobconnection.gov/search/warn_lookups/918
CyraCom International Inc.,"Sep 04, 2025",500,WARN,Tucson,85756,6 - ARIZONA@WORK - Pima,"2801 E. Elvira Rd.; Tucson, Arizona 85756",920,https://www.azjobconnection.gov/search/warn_lookups/920
LSG Sky Chefs,"Sep 04, 2025",259,WARN,Phoenix,85040,5 - ARIZONA@WORK - City of Phoenix,"3555 S. 28th Street, Building 1; Phoenix, Arizona 85040",921,https://www.azjobconnection.gov/search/warn_lookups/921
"McGee Air Services, Inc.","Sep 10, 2025",79,WARN,Phoenix,85034,5 - ARIZONA@WORK - City of Phoenix,"400 E Sky Harbor Blvd., Ramp Level Gate E4; Phoenix, Arizona 85034",923,https://www.azjobconnection.gov/search/warn_lookups/923
U.S Census Bureau,"Oct 10, 2025",101,WARN,Tucson,85745,6 - ARIZONA@WORK - Pima,"201 N. Bonita Avenue, Ste 125; Tucson, Arizona 85745",925,https://www.azjobconnection.gov/search/warn_lookups/925
Buena Vista Recovery,"Oct 28, 2025",202,WARN,Scottsdale,85250,7 - ARIZONA@WORK - Maricopa County,"8171 E. Indian Bend Rd.; Scottsdale, Arizona 85250",926,https://www.azjobconnection.gov/search/warn_lookups/926
Microchip,"Oct 29, 2025",63,WARN,Tempe,85281,7 - ARIZONA@WORK - Maricopa County,"1200 S. 52nd St.; Tempe, Arizona 85281",927,https://www.azjobconnection.gov/search/warn_lookups/927
"American Airlines, Inc.","Jan 29, 2024",335,WARN,Tempe,85281,7 - ARIZONA@WORK - Maricopa County,"1921 W Rio Salado Parkway; Tempe, Arizona 85281",766,https://www.azjobconnection.gov/search/warn_lookups/766
"Lost Boys Interactive, LLC","Jan 12, 2024",125,WARN,Madison,53719,6 - ARIZONA@WORK - Pima,"6417 NORMANDY LANE STE 300; Madison, Wisconsin 53719",762,https://www.azjobconnection.gov/search/warn_lookups/762
Michael Foods,"Jan 15, 2024",53,WARN,Yuma,85365,9 - ARIZONA@WORK - Yuma County,"4420 E. 36th St; Yuma, Arizona 85365",763,https://www.azjobconnection.gov/search/warn_lookups/763
"Forever Nutraceuticals, LLC","Mar 07, 2024",50,WARN,Phoenix,85040,5 - ARIZONA@WORK - City of Phoenix,"4114 Wood Street; Phoenix, Arizona 85040",773,https://www.azjobconnection.gov/search/warn_lookups/773
Kett Engineering Corporation,"Mar 11, 2024",88,WARN,Surprise,85374,7 - ARIZONA@WORK - Maricopa County,"15331 W. Bell Rd, Ste. 212; Surprise, Arizona 85374",774,https://www.azjobconnection.gov/search/warn_lookups/774
Jacobs Technology Inc.,"Feb 01, 2024",,WARN,Sierra Vista,85635,1 - ARIZONA@WORK - Southeastern Arizona,,768,https://www.azjobconnection.gov/search/warn_lookups/768
"ABM Industry Group, Inc.","Jan 18, 2024",87,WARN,Goodyear,85338,7 - ARIZONA@WORK - Maricopa County,"580 S. 143rd Ave.; Goodyear, Arizona 85338",764,https://www.azjobconnection.gov/search/warn_lookups/764
"Block, INC.","Jan 30, 2024",6,WARN,Oakland,94612,7 - ARIZONA@WORK - Maricopa County,"1955 Broadway, Suite 600; Oakland, California 94612",769,https://www.azjobconnection.gov/search/warn_lookups/769
"TuSimple, Inc.","Feb 15, 2024",5,WARN,Tucson,85747,6 - ARIZONA@WORK - Pima,"9538 E. Old Vail Rd; Tucson, Arizona 85747",771,https://www.azjobconnection.gov/search/warn_lookups/771
"TuSimple, Inc.","Mar 15, 2024",8,WARN,Tucson,85747,6 - ARIZONA@WORK - Pima,"9538 E. Old Vail Rd; Tucson, Arizona 85747",775,https://www.azjobconnection.gov/search/warn_lookups/775
Carclo Technical Plastics,"Mar 22, 2024",68,WARN,Tucson,85705,6 - ARIZONA@WORK - Pima,"1141 W. Grant Rd.; Tucson, Arizona 85705",777,https://www.azjobconnection.gov/search/warn_lookups/777
US Foods,"Mar 25, 2024",146,WARN,Phoenix,85044,5 - ARIZONA@WORK - City of Phoenix,"10410 S. 50th Place; Phoenix, Arizona 85044",778,https://www.azjobconnection.gov/search/warn_lookups/778
"Bionano Genomics, Inc.","Mar 22, 2024",,WARN,San Diego,92121,7 - ARIZONA@WORK - Maricopa County,,779,https://www.azjobconnection.gov/search/warn_lookups/779
"Volta Charging Industries, LLC","Apr 01, 2024",2,WARN,San Francisco,94103,7 - ARIZONA@WORK - Maricopa County,"155 De Haro Street; San Francisco, California 94103",782,https://www.azjobconnection.gov/search/warn_lookups/782
"TuSimple, Inc.","May 31, 2024",1,WARN,Tucson,85701,6 - ARIZONA@WORK - Pima,"9538 E. Old Vail Rd, ; Tucson, Arizona 85701",799,https://www.azjobconnection.gov/search/warn_lookups/799
Spectrum Home Healthcare LLC,"Apr 05, 2024",70,WARN,Phoenix,85012,5 - ARIZONA@WORK - City of Phoenix,"3838 N Central , Suite 1200; Phoenix, Arizona 85012",784,https://www.azjobconnection.gov/search/warn_lookups/784
"COR Restaurant Services, LLC","Apr 09, 2024",,WARN,Avondale,85392,7 - ARIZONA@WORK - Maricopa County,,785,https://www.azjobconnection.gov/search/warn_lookups/785
Kalil Bottling Company,"May 31, 2024",546,WARN,Tucson,85719,6 - ARIZONA@WORK - Pima,"931 S. Highland Ave; Tucson, Arizona 85719",800,https://www.azjobconnection.gov/search/warn_lookups/800
"Packers Sanitation Services, Inc","Apr 12, 2024",114,WARN,Tolleson,85353,7 - ARIZONA@WORK - Maricopa County,"651 South 91st Ave; Tolleson, Arizona 85353",787,https://www.azjobconnection.gov/search/warn_lookups/787
Savers,"May 02, 2024",42,WARN,Phoenix,85017,5 - ARIZONA@WORK - City of Phoenix,"2625 W. Bethany Home Rd; Phoenix, Arizona 85017",789,https://www.azjobconnection.gov/search/warn_lookups/789
Kuehne+Nagel,"Apr 22, 2024",227,WARN,Tempe,85284,7 - ARIZONA@WORK - Maricopa County,"1300 W Warner Rd; Tempe, Arizona 85284",788,https://www.azjobconnection.gov/search/warn_lookups/788
Devine Holdings LLC,"May 02, 2024",6,WARN,Mohave Valley,86440,11 - ARIZONA@WORK - Mohave and La Paz Counties,"1297 Boundary Cone Road; Mohave Valley, Arizona 86440",790,https://www.azjobconnection.gov/search/warn_lookups/790
"Obvio Health USA, Inc. - ObvioHealth","May 28, 2024",51,WARN,New York,10001,7 - ARIZONA@WORK - Maricopa County,"545 W. 25th Street, 20th Floor; New York, New York 10001",801,https://www.azjobconnection.gov/search/warn_lookups/801
Schuff Steel,"Jul 03, 2024",,WARN,Bellemont,86015,10 - ARIZONA@WORK - Coconino County,,811,https://www.azjobconnection.gov/search/warn_lookups/811
Amentum,"Jul 31, 2024",108,WARN,Fort Worth,76177,9 - ARIZONA@WORK - Yuma County,"13500 Heritage Parkway; Fort Worth, Texas 76177",815,https://www.azjobconnection.gov/search/warn_lookups/815
ISS Action - Yuma,"Jul 01, 2024",51,WARN,Yuma,85365,9 - ARIZONA@WORK - Yuma County,"14165 S. Ave 3E Suite A; Yuma, Arizona 85365",809,https://www.azjobconnection.gov/search/warn_lookups/809
Prileo Home Care,"Aug 01, 2024",510,WARN,Las Vegas,89147,5 - ARIZONA@WORK - City of Phoenix,"8883 W. Flamingo Rd., Suite 103; Las Vegas, Nevada 89147",816,https://www.azjobconnection.gov/search/warn_lookups/816
Sam Levitz Furniture,"Aug 06, 2024",181,WARN,Tucson,85713,6 - ARIZONA@WORK - Pima,"3430 E. 36th Street; Tucson, Arizona 85713",817,https://www.azjobconnection.gov/search/warn_lookups/817
"ABM Industry Groups, LLC","Aug 15, 2024",148,WARN,Tempe,85282,5 - ARIZONA@WORK - City of Phoenix,"2631 S Roosevelt St; Tempe, Arizona 85282",820,https://www.azjobconnection.gov/search/warn_lookups/820
"Lost Boys Interactive, LLC","Sep 09, 2024",,WARN,Madison,53719,7 - ARIZONA@WORK - Maricopa County,,822,https://www.azjobconnection.gov/search/warn_lookups/822
"Cygnus Home Service, LLC, d/b/a Yelloh","Sep 23, 2024",3,WARN,Marshall,56258,7 - ARIZONA@WORK - Maricopa County,"500 N Highway 59; Marshall, Minnesota 56258",825,https://www.azjobconnection.gov/search/warn_lookups/825
"D&A Consulting Services, Inc. dba GetInsured","Dec 30, 2024",6,WARN,Mountain View,94043,7 - ARIZONA@WORK - Maricopa County,"1305 Terra Bella Avenue; Mountain View, California 94043",842,https://www.azjobconnection.gov/search/warn_lookups/842
"TuSimple, Inc.","May 03, 2024",4,WARN,Tucson,85747,6 - ARIZONA@WORK - Pima,"9538 E. Old Vail Rd, ; Tucson, Arizona 85747",791,https://www.azjobconnection.gov/search/warn_lookups/791
99 Cents Only,"Apr 09, 2024",,WARN,City of Commerce,90023,7 - ARIZONA@WORK - Maricopa County,,786,https://www.azjobconnection.gov/search/warn_lookups/786
All of Us Research Program - (AoURP),"May 28, 2024",45,WARN,Phoenix,85006,5 - ARIZONA@WORK - City of Phoenix,"1441 N 12th St; Phoenix, Arizona 85006",797,https://www.azjobconnection.gov/search/warn_lookups/797
Walmart Health Virtual Care,"May 17, 2024",74,WARN,Phoenix,85054,5 - ARIZONA@WORK - City of Phoenix,"6910 E Chauncey Lane; Phoenix, Arizona 85054",795,https://www.azjobconnection.gov/search/warn_lookups/795
Evernorth Care Group,"May 31, 2024",261,WARN,Scottsdale,85260,7 - ARIZONA@WORK - Maricopa County,"8888 E. Raintree Dr., Ste. 300; Scottsdale, Arizona 85260",798,https://www.azjobconnection.gov/search/warn_lookups/798
Northrop Grumman,"Jun 07, 2024",543,WARN,Chandler,85286,7 - ARIZONA@WORK - Maricopa County,"1575 S. Price Rd.; Chandler, Arizona 85286",802,https://www.azjobconnection.gov/search/warn_lookups/802
"Panera, LLC","Jun 13, 2024",64,WARN,Chandler,85226,7 - ARIZONA@WORK - Maricopa County,"590 N. 54th Street; Chandler, Arizona 85226",804,https://www.azjobconnection.gov/search/warn_lookups/804
Newrez LLC,"Jun 28, 2024",78,WARN,Tempe,85282,7 - ARIZONA@WORK - Maricopa County,"2900 South Diablo Way; Tempe, Arizona 85282",806,https://www.azjobconnection.gov/search/warn_lookups/806
"Delta Apparel, Inc","Jul 01, 2024",,WARN,Phoenix,85043,5 - ARIZONA@WORK - City of Phoenix,,807,https://www.azjobconnection.gov/search/warn_lookups/807
ISS Action - Tucson,"Jul 01, 2024",119,WARN,Tucson,85756,6 - ARIZONA@WORK - Pima,"5383 I-10 Frontage Rd,; Tucson, Arizona 85756",808,https://www.azjobconnection.gov/search/warn_lookups/808
"Sound Physicians, Inc.","Jul 30, 2024",98,WARN,Tucson,85711,6 - ARIZONA@WORK - Pima,"350 N. Wilmot, 1601 W. St. Marys; Tucson, Arizona 85711",814,https://www.azjobconnection.gov/search/warn_lookups/814
Steward Health Care System LLC,"Oct 01, 2024",255,WARN,Phoenix,85006,5 - ARIZONA@WORK - City of Phoenix,"1800 E. Van Buren St.; Phoenix, Arizona 85006",828,https://www.azjobconnection.gov/search/warn_lookups/828
Kaléo Inc.,"Sep 30, 2024",,WARN,Richmond,23219,7 - ARIZONA@WORK - Maricopa County,,829,https://www.azjobconnection.gov/search/warn_lookups/829
"Steward Medical Group, Inc.","Oct 01, 2024",4,WARN,Phoenix,85006,5 - ARIZONA@WORK - City of Phoenix,"1800 E Van Buren St.; Phoenix, Arizona 85006",830,https://www.azjobconnection.gov/search/warn_lookups/830
"Mountain Valley Express, LLC","Nov 25, 2024",20,WARN,Phoenix,85009,5 - ARIZONA@WORK - City of Phoenix,"3839 W Buckeye Rd; Phoenix, Arizona 85009",839,https://www.azjobconnection.gov/search/warn_lookups/839
"True Value Company, L.L.C -Kingman Warehouse","Oct 21, 2024",62,WARN,Kingman,86401,11 - ARIZONA@WORK - Mohave and La Paz Counties,"4005 Mohave Airport Drive; Kingman, Arizona 86401",832,https://www.azjobconnection.gov/search/warn_lookups/832
"A3 Smart Home, LP","Nov 01, 2024",50,WARN,Tempe,85284,7 - ARIZONA@WORK - Maricopa County,"8312 S Hardy Dr; Tempe, Arizona 85284",834,https://www.azjobconnection.gov/search/warn_lookups/834
The Boeing Company,"Nov 18, 2024",184,WARN,Mesa,85215,7 - ARIZONA@WORK - Maricopa County,"5000 E McDowell Rd; Mesa, Arizona 85215",837,https://www.azjobconnection.gov/search/warn_lookups/837
General Parts Distribution LLC’s,"Nov 20, 2024",,WARN,Raleigh,27609,7 - ARIZONA@WORK - Maricopa County,,838,https://www.azjobconnection.gov/search/warn_lookups/838
Intel Corporation,"Oct 15, 2024",385,WARN,Chandler,85226,7 - ARIZONA@WORK - Maricopa County,"5000 W. Chandler Blvd.; Chandler, Arizona 85226",831,https://www.azjobconnection.gov/search/warn_lookups/831
"Vimo, Inc. (DBA Getinsured)","Dec 20, 2024",1,WARN,Mountain View,94043,7 - ARIZONA@WORK - Maricopa County,"1305 Terra Bella Ave.; Mountain View, California 94043",841,https://www.azjobconnection.gov/search/warn_lookups/841
"SPS Ventures, Inc.","Dec 13, 2023",93,WARN,Phoenix,85043,5 - ARIZONA@WORK - City of Phoenix,"3333 S. 59th Ave; Phoenix, Arizona 85043",755,https://www.azjobconnection.gov/search/warn_lookups/755
"LECLERC FOODS NUTRITION ARIZONA, LLC","Oct 04, 2023",93,WARN,Phoenix,,5 - ARIZONA@WORK - City of Phoenix,"440 51st Ave; Phoenix, Québec 00000",742,https://www.azjobconnection.gov/search/warn_lookups/742
Centerra,"Aug 11, 2023",129,WARN,Multiple,00000,5 - ARIZONA@WORK - City of Phoenix,"Multiple; Multiple, Arizona 00000",725,https://www.azjobconnection.gov/search/warn_lookups/725
"ImmunityBio, Inc.","Aug 21, 2023",,WARN,El Segundo,90245,5 - ARIZONA@WORK - City of Phoenix,,729,https://www.azjobconnection.gov/search/warn_lookups/729
Transdev Services,"Oct 20, 2023",829,WARN,Tempe,85281,7 - ARIZONA@WORK - Maricopa County,"2050 W Rio Salado Parkway; Tempe, Arizona 85281",744,https://www.azjobconnection.gov/search/warn_lookups/744
HMSHost,"Nov 24, 2023",68,WARN,Phoenix,85034,5 - ARIZONA@WORK - City of Phoenix,"1250 E Hadley Street, Suite 6  ; Phoenix, Arizona 85034",750,https://www.azjobconnection.gov/search/warn_lookups/750
"COR Restaurant Services, LLC","Feb 02, 2023",130,WARN,Surprise,85374,7 - ARIZONA@WORK - Maricopa County,"13725 W Bell Rd; Surprise, Arizona 85374",687,https://www.azjobconnection.gov/search/warn_lookups/687
ttec,"Jan 09, 2023",196,WARN,Phoenix,85053,5 - ARIZONA@WORK - City of Phoenix,"16610 N Black Canyon Hwy; Phoenix, Arizona 85053",680,https://www.azjobconnection.gov/search/warn_lookups/680
Eberle Design Inc.,"Feb 02, 2023",125,WARN,Phoenix,85040,5 - ARIZONA@WORK - City of Phoenix,"3510 E. Atlanta Ave.; Phoenix, Arizona 85040",770,https://www.azjobconnection.gov/search/warn_lookups/770
eegee's LLC Commissary Department,"Apr 19, 2023",44,WARN,Tucson,85713,6 - ARIZONA@WORK - Pima,"3360 E. Ajo Way; Tucson, Arizona 85713",705,https://www.azjobconnection.gov/search/warn_lookups/705
"Progrexion Teleservices, Inc.","Apr 28, 2023",,WARN,Phoenix,85027,5 - ARIZONA@WORK - City of Phoenix,,706,https://www.azjobconnection.gov/search/warn_lookups/706
General Motors LLC facility (Arizona IT Innovation Center),"Aug 23, 2023",936,WARN,Chandler,85224,7 - ARIZONA@WORK - Maricopa County,"2900 W Geronimo Place; Chandler, Arizona 85224",730,https://www.azjobconnection.gov/search/warn_lookups/730
CVS Health,"Aug 18, 2023",134,WARN,Scottsdale,85260,7 - ARIZONA@WORK - Maricopa County,"9501 E Shea Blvd.; Scottsdale, Arizona 85260",727,https://www.azjobconnection.gov/search/warn_lookups/727
"Aspiration Partners, Inc.","Mar 24, 2023",3,WARN,Marina Del Rey,90292,7 - ARIZONA@WORK - Maricopa County,"4551 Glencoe Ave, Suite 300; Marina Del Rey, California 90292",699,https://www.azjobconnection.gov/search/warn_lookups/699
McKesson Corporation,"Mar 29, 2023",,WARN,Scottsdale,85250,7 - ARIZONA@WORK - Maricopa County,,700,https://www.azjobconnection.gov/search/warn_lookups/700
Honeywell,"Mar 31, 2023",6,WARN,Phoenix,85043,7 - ARIZONA@WORK - Maricopa County,"4570 W Lower Buckeye Rd; Phoenix, Arizona 85043",703,https://www.azjobconnection.gov/search/warn_lookups/703
"KeHE Distributors, INC","Aug 23, 2023",22,WARN,Naperville,60563,7 - ARIZONA@WORK - Maricopa County,"1245 E. Diehl Rd. #200; Naperville, Illinois 60563",731,https://www.azjobconnection.gov/search/warn_lookups/731
North American Savings Bank,"Jan 05, 2023",10,WARN,Kansas City,64131,7 - ARIZONA@WORK - Maricopa County,"903 E. 104th street, Suite 400; Kansas City, Missouri 64131",679,https://www.azjobconnection.gov/search/warn_lookups/679
"Lucid USA, Inc.","Mar 31, 2023",,WARN,Casa Grande,85193,2003 - ARIZONA@WORK - Pinal,,702,https://www.azjobconnection.gov/search/warn_lookups/702
"Specialized Bicycle Components, Inc.","Jan 11, 2023",1,WARN,Morgan Hill,95037,7 - ARIZONA@WORK - Maricopa County,"15130 Concord Circle; Morgan Hill, California 95037",681,https://www.azjobconnection.gov/search/warn_lookups/681
State Farm Mutual Automobile Insurance Company,"Jan 24, 2023",186,WARN,Tempe,85281,7 - ARIZONA@WORK - Maricopa County,"400/500/600 Rio Salado Pkwy; Tempe, Arizona 85281",682,https://www.azjobconnection.gov/search/warn_lookups/682
ttec,"Jan 30, 2023",308,WARN,Tempe,85281,7 - ARIZONA@WORK - Maricopa County,"40 E Rio Salado Pkwy, Suite 1000; Tempe, Arizona 85281",685,https://www.azjobconnection.gov/search/warn_lookups/685
"UPS Supply Chain Solutions, Inc.","Feb 02, 2023",98,WARN,Goodyear,85338,7 - ARIZONA@WORK - Maricopa County,"305 South Bullard Avenue; Goodyear, Arizona 85338",688,https://www.azjobconnection.gov/search/warn_lookups/688
"Vitacost, Inc.","Feb 06, 2023",57,WARN,Tempe,85282,7 - ARIZONA@WORK - Maricopa County,"5100 S. McClintock Dr.; Tempe, Arizona 85282",689,https://www.azjobconnection.gov/search/warn_lookups/689
"Critical Ideas, Inc. dba Chipper Cash","Feb 16, 2023",49,WARN,San Francisco,94104,7 - ARIZONA@WORK - Maricopa County,"180 Montgomery Street, Suite 1860; San Francisco, California 94104",690,https://www.azjobconnection.gov/search/warn_lookups/690
Hyatt Corporation,"Jan 13, 2022",152,WARN,Scottsdale,85258,7 - ARIZONA@WORK - Maricopa County,"7700 E. McCormick Parkway ; Scottsdale, Arizona 85258",652,https://www.azjobconnection.gov/search/warn_lookups/652
Peloton,"Feb 08, 2022",52,WARN,New York,10001,7 - ARIZONA@WORK - Maricopa County,"441 9th Avenue; New York, New York 10001",655,https://www.azjobconnection.gov/search/warn_lookups/655
Honeywell Chandler,"May 13, 2022",40,WARN,Chandler,85226,7 - ARIZONA@WORK - Maricopa County,"6505 W. Chandler Blvd; Chandler, Arizona 85226",658,https://www.azjobconnection.gov/search/warn_lookups/658
Hunter Douglas,"Feb 03, 2022",111,WARN,Phoenix,85043,7 - ARIZONA@WORK - Maricopa County,"Claudia Flores, 601 South 65th Ave, Suite 6; Phoenix, Arizona 85043",654,https://www.azjobconnection.gov/search/warn_lookups/654
Home Point Financial Corporation d/b/a Homepoint,"Nov 17, 2022",18,WARN,Chandler,85224,7 - ARIZONA@WORK - Maricopa County,"2525 West Frye Road, Suite 115 & 200; Chandler, Arizona 85224",673,https://www.azjobconnection.gov/search/warn_lookups/673
Santa Cruz Valley Regional Hospital (SCVRH),"Jun 20, 2022",,WARN,Green Valley,85614,6 - ARIZONA@WORK - Pima,,661,https://www.azjobconnection.gov/search/warn_lookups/661
"AMMA Investment Group, LLC","Aug 18, 2022",103,WARN,Amado,85645,8 - ARIZONA@WORK - Santa Cruz County,"2935 East Frontage Rd; Amado, Arizona 85645",670,https://www.azjobconnection.gov/search/warn_lookups/670
Community Health Associates,"Dec 19, 2022",11,WARN,Yuma,85364,9 - ARIZONA@WORK - Yuma County,"2851 S. Ave B Building 4; Yuma, Arizona 85364",676,https://www.azjobconnection.gov/search/warn_lookups/676
"Robinhood Markets, Inc","Aug 03, 2022",193,WARN,Tempe,85281,7 - ARIZONA@WORK - Maricopa County,"410 North Scottsdale Road, Floor 12; Tempe, Arizona 85281",667,https://www.azjobconnection.gov/search/warn_lookups/667
eegee’s LLC,"Aug 09, 2022",23,WARN,Tucson,85713,6 - ARIZONA@WORK - Pima,"3360 E. Ajo Way; Tucson, Arizona 85713",668,https://www.azjobconnection.gov/search/warn_lookups/668
"Holsum Bakery, Inc.","Sep 01, 2022",213,WARN,Phoenix,85009,5 - ARIZONA@WORK - City of Phoenix,"2322 W. Lincoln St.; Phoenix, Arizona 85009",672,https://www.azjobconnection.gov/search/warn_lookups/672
Home Point Financial Corporation d/b/a Homepoint,"Sep 01, 2022",113,WARN,Chandler,85224,7 - ARIZONA@WORK - Maricopa County,"2525 West Frye Road, Suite 115, Suite 200; Chandler, Arizona 85224",671,https://www.azjobconnection.gov/search/warn_lookups/671
Honeywell Phoenix (Buckeye),"Jul 14, 2022",,WARN,Phoenix,85043,5 - ARIZONA@WORK - City of Phoenix,,665,https://www.azjobconnection.gov/search/warn_lookups/665
Cardenas Markets LLC,"Dec 16, 2022",63,WARN,Tucson,85741,6 - ARIZONA@WORK - Pima,"902 W. Irvington; Tucson, Arizona 85741",675,https://www.azjobconnection.gov/search/warn_lookups/675
"Freshly, LLC.","Dec 05, 2022",500,WARN,Phoenix,85043,5 - ARIZONA@WORK - City of Phoenix,"610 S 56th Ave.; Phoenix, Arizona 85043",674,https://www.azjobconnection.gov/search/warn_lookups/674
"TuSimple, Inc.","Dec 22, 2022",135,WARN,Tucson,85747,6 - ARIZONA@WORK - Pima,"9538 E Old Vail Rd.; Tucson, Arizona 85747",677,https://www.azjobconnection.gov/search/warn_lookups/677
Grand Canyon Scenic Airlines,"Sep 03, 2020",105,WARN,Grand Canyon,86023,10 - ARIZONA@WORK - Coconino County,"South Rim, Hwy 64PO Box 455; Grand Canyon, Arizona 86023",621,https://www.azjobconnection.gov/search/warn_lookups/621
Sam Levits,"Mar 25, 2020",628,WARN,,,6 - ARIZONA@WORK - Pima,,427,https://www.azjobconnection.gov/search/warn_lookups/427
Onni Properties,"Mar 25, 2020",240,WARN,,,5 - ARIZONA@WORK - City of Phoenix,,425,https://www.azjobconnection.gov/search/warn_lookups/425
Go Rentals,"Mar 23, 2020",275,WARN,Phoenix,85006,7 - ARIZONA@WORK - Maricopa County,"Arizona; Phoenix, Arizona 85006",416,https://www.azjobconnection.gov/search/warn_lookups/416
Passport Health,"Mar 23, 2020",65,WARN,Scottsdale,85262,7 - ARIZONA@WORK - Maricopa County,"8324 E. Hartford Drive; Scottsdale, Arizona 85262",417,https://www.azjobconnection.gov/search/warn_lookups/417
CMA CGM (America) LLC,"Jan 03, 2020",,WARN,Scottsdale,85254,7 - ARIZONA@WORK - Maricopa County,,394,https://www.azjobconnection.gov/search/warn_lookups/394
"Macy's Credit and Customer Services, Inc.","Jan 06, 2020",843,WARN,Tempe,85281,7 - ARIZONA@WORK - Maricopa County,"1345 South 52nd Street; Tempe, Arizona 85281",395,https://www.azjobconnection.gov/search/warn_lookups/395
Denny's (Beshay Enterprises),"Mar 23, 2020",63,WARN,Casa Grande,85122,,"1851 E Florence Blvd; Casa Grande, Arizona 85122",418,https://www.azjobconnection.gov/search/warn_lookups/418
MAPFRE Insurance - Enterprise Contact Center,"Jan 13, 2020",68,WARN,Gilbert,85234,7 - ARIZONA@WORK - Maricopa County,"1555 N Fiesta Blvd; Gilbert, Arizona 85234",397,https://www.azjobconnection.gov/search/warn_lookups/397
TMI Acquisitions LLC,"Jan 10, 2020",43,WARN,Tucson,85713,6 - ARIZONA@WORK - Pima,"3761 East Technical Drive; Tucson, Arizona 85713",398,https://www.azjobconnection.gov/search/warn_lookups/398
Aecom,"Jan 17, 2020",62,WARN,Glendale,85310,7 - ARIZONA@WORK - Maricopa County,"Luke Airforce Base; Glendale, Arizona 85310",399,https://www.azjobconnection.gov/search/warn_lookups/399
Dyncorp,"Jan 15, 2020",200,WARN,Tuscon,85704,6 - ARIZONA@WORK - Pima,"Monthan AFB; Tuscon, Arizona 85704",400,https://www.azjobconnection.gov/search/warn_lookups/400
Bella Fresh,"Feb 05, 2020",,WARN,Phoenix,85043,5 - ARIZONA@WORK - City of Phoenix,,402,https://www.azjobconnection.gov/search/warn_lookups/402
Transportation Brokerage Specialists Inc (TBS),"Feb 20, 2020",110,WARN,Chandler,85225,7 - ARIZONA@WORK - Maricopa County,"550 E. Elliott Rd; Chandler, Arizona 85225",403,https://www.azjobconnection.gov/search/warn_lookups/403
Transportation Brokerage Specialists Inc (TBS),"Feb 20, 2020",110,WARN,Phoenix,85034,7 - ARIZONA@WORK - Maricopa County,"500 S. 48th st; Phoenix, Arizona 85034",404,https://www.azjobconnection.gov/search/warn_lookups/404
HotChalk,"Feb 25, 2020",75,WARN,Phoenix,85034,5 - ARIZONA@WORK - City of Phoenix,"3600 E. University Drive, suite D1600; Phoenix, Arizona 85034",405,https://www.azjobconnection.gov/search/warn_lookups/405
Northrop Grumman,"Mar 09, 2020",,WARN,Sierra Vista,85635,1 - ARIZONA@WORK - Southeastern Arizona,,406,https://www.azjobconnection.gov/search/warn_lookups/406
Amentum,"Mar 13, 2020",62,WARN,Yuma,85364,9 - ARIZONA@WORK - Yuma County,"MCAS; Yuma, Arizona 85364",407,https://www.azjobconnection.gov/search/warn_lookups/407
Embassy Suites Tempe,"Mar 18, 2020",47,WARN,Tempe,85282,5 - ARIZONA@WORK - City of Phoenix,"4400 S. Rural Rd; Tempe, Arizona 85282",409,https://www.azjobconnection.gov/search/warn_lookups/409
Roadhouse cinemas,"Mar 18, 2020",109,WARN,Tucson,85712,6 - ARIZONA@WORK - Pima,"4811 E. Grant Rd. #150; Tucson, Arizona 85712",410,https://www.azjobconnection.gov/search/warn_lookups/410
Pima Valve,"Mar 18, 2020",40,WARN,Chandler,85226,7 - ARIZONA@WORK - Maricopa County,"6525 W. Allison Rd; Chandler, Arizona 85226",411,https://www.azjobconnection.gov/search/warn_lookups/411
Punch Bowl social,"Mar 18, 2020",123,WARN,Phoenix,85004,5 - ARIZONA@WORK - City of Phoenix,"903 M. 2nd Street; Phoenix, Arizona 85004",412,https://www.azjobconnection.gov/search/warn_lookups/412
KDC Construction,"Mar 20, 2020",20,WARN,Tempe,85281,7 - ARIZONA@WORK - Maricopa County,"1205 South Park Lane Suite 4,5, and 6; Tempe, Arizona 85281",413,https://www.azjobconnection.gov/search/warn_lookups/413
Ares Collective Restaurants,"Mar 23, 2020",,WARN,Tucson,85715,6 - ARIZONA@WORK - Pima,,414,https://www.azjobconnection.gov/search/warn_lookups/414
Four Seasons Resort,"Mar 20, 2020",422,WARN,Scottsdale,85262,7 - ARIZONA@WORK - Maricopa County,"10600 E. Crescent Moon Dr; Scottsdale, Arizona 85262",415,https://www.azjobconnection.gov/search/warn_lookups/415
Islands Restaurants,"Mar 23, 2020",250,WARN,Phoenix,85050,7 - ARIZONA@WORK - Maricopa County,"21001 N Tatum Blvd #36-1160; Phoenix, Arizona 85050",419,https://www.azjobconnection.gov/search/warn_lookups/419
Sub-Zero Group Inc,"Mar 20, 2020",446,WARN,Goodyear,85340,7 - ARIZONA@WORK - Maricopa County,"4295 N. Cotton Lane; Goodyear, Arizona 85340",420,https://www.azjobconnection.gov/search/warn_lookups/420
International Cruise & Excursion Gallery,"Mar 24, 2020",203,WARN,Scottsdale,85256,7 - ARIZONA@WORK - Maricopa County,"7720 N Dobson Rd; Scottsdale, Arizona 85256",421,https://www.azjobconnection.gov/search/warn_lookups/421
"Cameron Mitchell Restaurants, LLC","Mar 24, 2020",75,WARN,Phoenix,85054,5 - ARIZONA@WORK - City of Phoenix,"5455 East High Street, Suite 115; Phoenix, Arizona 85054",422,https://www.azjobconnection.gov/search/warn_lookups/422
Movement for Life Inc.,"Mar 25, 2020",,WARN,Multiple,85711,6 - ARIZONA@WORK - Pima,,423,https://www.azjobconnection.gov/search/warn_lookups/423
Surprise Honda,"Mar 25, 2020",16,WARN,,,7 - ARIZONA@WORK - Maricopa County,,424,https://www.azjobconnection.gov/search/warn_lookups/424
Denny's (Beshay Enterprises),"Mar 23, 2020",66,WARN,Phoenix,85010,5 - ARIZONA@WORK - City of Phoenix,"4120 N 51st Avenue; Phoenix, Arizona 85010",428,https://www.azjobconnection.gov/search/warn_lookups/428
Denny's (Beshay Enterprises),"Mar 23, 2020",65,WARN,Phoenix,85003,5 - ARIZONA@WORK - City of Phoenix,"3205 E. Bell Rd; Phoenix, Arizona 85003",429,https://www.azjobconnection.gov/search/warn_lookups/429
Denny's (Beshay Enterprises),"Mar 23, 2020",,WARN,Glendale,85303,5 - ARIZONA@WORK - City of Phoenix,,430,https://www.azjobconnection.gov/search/warn_lookups/430
Denny's (Beshay Enterprises),"Mar 23, 2020",62,WARN,Thatcher,85552,5 - ARIZONA@WORK - City of Phoenix,"2875 W. Highway 70; Thatcher, Arizona 85552",431,https://www.azjobconnection.gov/search/warn_lookups/431
Denny's (Beshay Enterprises),"Mar 23, 2020",54,WARN,Eloy,85194,5 - ARIZONA@WORK - City of Phoenix,"16189 S. Sunshine Blvd; Eloy, Arizona 85194",432,https://www.azjobconnection.gov/search/warn_lookups/432
Best Western Hotels & Resorts,"Mar 25, 2020",31,WARN,,,5 - ARIZONA@WORK - City of Phoenix,,433,https://www.azjobconnection.gov/search/warn_lookups/433
Phoenix Glendale Renaissance,"Mar 26, 2020",140,WARN,Glendale,85305,7 - ARIZONA@WORK - Maricopa County,"9495 W. Coyotes Blvd; Glendale, Arizona 85305",435,https://www.azjobconnection.gov/search/warn_lookups/435
Tucson Marriott University park,"Mar 26, 2020",86,WARN,Tucson,85719,6 - ARIZONA@WORK - Pima,"880 E. 2nd Street; Tucson, Arizona 85719",436,https://www.azjobconnection.gov/search/warn_lookups/436
Drive Time,"Mar 27, 2020",54,WARN,Phoenix,85040,5 - ARIZONA@WORK - City of Phoenix,"4515 E. Miami Avenue; Phoenix, Arizona 85040",437,https://www.azjobconnection.gov/search/warn_lookups/437
Surprise Honda,"Mar 24, 2020",,WARN,Surprise,85388,7 - ARIZONA@WORK - Maricopa County,,438,https://www.azjobconnection.gov/search/warn_lookups/438
Tanque Verde Ranch,"Mar 27, 2020",147,WARN,,,6 - ARIZONA@WORK - Pima,,439,https://www.azjobconnection.gov/search/warn_lookups/439
Holiday Inn Hotels,"Mar 31, 2020",21,WARN,Yuma,85364,9 - ARIZONA@WORK - Yuma County,"Yuma Area; Yuma, Arizona 85364",441,https://www.azjobconnection.gov/search/warn_lookups/441
McCormick Scottsdale,"Mar 30, 2020",65,WARN,Scottsdale,85253,7 - ARIZONA@WORK - Maricopa County,"7421 N Scottsdale Rd; Scottsdale, Arizona 85253",442,https://www.azjobconnection.gov/search/warn_lookups/442
King's Seafood Company LLC,"Mar 24, 2020",,WARN,Tempe,85281,7 - ARIZONA@WORK - Maricopa County,,443,https://www.azjobconnection.gov/search/warn_lookups/443
Saddle Ranch Chop House,"Mar 27, 2020",84,WARN,Glendale,85305,7 - ARIZONA@WORK - Maricopa County,"9375 W. Coyotes Blvd; Glendale, Arizona 85305",444,https://www.azjobconnection.gov/search/warn_lookups/444
Zip Recruiter,"Mar 27, 2020",314,WARN,Tempe,85281,7 - ARIZONA@WORK - Maricopa County,"40 E. Rio Salado Pkwy; Tempe, Arizona 85281",445,https://www.azjobconnection.gov/search/warn_lookups/445
Papersource,"Mar 27, 2020",10,WARN,Phoenix,85016,5 - ARIZONA@WORK - City of Phoenix,"2035 E. Camel Rd. A14; Phoenix, Arizona 85016",446,https://www.azjobconnection.gov/search/warn_lookups/446
Great Wolf Lodge,"Mar 30, 2020",312,WARN,Scottsdale,85258,7 - ARIZONA@WORK - Maricopa County,"7333 N Pima Rd; Scottsdale, Arizona 85258",447,https://www.azjobconnection.gov/search/warn_lookups/447
Ahern Rentals Inc.,"Mar 28, 2020",2,WARN,Phoenix,85006,5 - ARIZONA@WORK - City of Phoenix,"1403 S. Black Canyon Hwy; Phoenix, Arizona 85006",448,https://www.azjobconnection.gov/search/warn_lookups/448
Pappas Restaurants,"Mar 25, 2020",180,WARN,Phoenix,85003,5 - ARIZONA@WORK - City of Phoenix,"11051 N Black Canyon Hwy; Phoenix, Arizona 85003",449,https://www.azjobconnection.gov/search/warn_lookups/449
Residence Inn/Courtyard Phoenix Downtown,"Mar 27, 2020",67,WARN,Phoenix,85004,5 - ARIZONA@WORK - City of Phoenix,"132 S. Central Ave; Phoenix, Arizona 85004",450,https://www.azjobconnection.gov/search/warn_lookups/450
Specialty Textile,"Mar 30, 2020",176,WARN,Phoenix,85007,5 - ARIZONA@WORK - City of Phoenix,"720 W. Buchanan St; Phoenix, Arizona 85007",451,https://www.azjobconnection.gov/search/warn_lookups/451
Yelp,"Apr 09, 2020",,WARN,,,7 - ARIZONA@WORK - Maricopa County,,480,https://www.azjobconnection.gov/search/warn_lookups/480
SAS Restaurant Ventures (Denny's),"Mar 31, 2020",304,WARN,multiple,85022,5 - ARIZONA@WORK - City of Phoenix,"multiple; multiple, Arizona 85022",452,https://www.azjobconnection.gov/search/warn_lookups/452
Cinemark,"Apr 01, 2020",292,WARN,Tucson,85713,6 - ARIZONA@WORK - Pima,"1300 E. Tucson Marketplace; Tucson, Arizona 85713",453,https://www.azjobconnection.gov/search/warn_lookups/453
civana,"Apr 03, 2020",176,WARN,Carefree,85377,7 - ARIZONA@WORK - Maricopa County,"37220 N. Mule train Rd; Carefree, Arizona 85377",454,https://www.azjobconnection.gov/search/warn_lookups/454
civana,"Apr 03, 2020",,WARN,Carefree,85377,7 - ARIZONA@WORK - Maricopa County,,455,https://www.azjobconnection.gov/search/warn_lookups/455
L'Auberge de Sedona,"Apr 03, 2020",147,WARN,Sedona,,,"301 L'auberge Lane; Sedona,",456,https://www.azjobconnection.gov/search/warn_lookups/456
The Orchards,"Apr 03, 2020",50,WARN,Sedona,,,"254 N Hwy 89A; Sedona,",457,https://www.azjobconnection.gov/search/warn_lookups/457
Taylor Farms,"Mar 27, 2020",407,WARN,Yuma,,9 - ARIZONA@WORK - Yuma County,"4375 Gila Ridge Rd; Yuma,",458,https://www.azjobconnection.gov/search/warn_lookups/458
Benihana Scottsdale,"Apr 05, 2020",,WARN,Scottsdale,85254,7 - ARIZONA@WORK - Maricopa County,,460,https://www.azjobconnection.gov/search/warn_lookups/460
Benihana Chandler,"Apr 05, 2020",49,WARN,Chandler,85226,7 - ARIZONA@WORK - Maricopa County,"3025 W. Chandler Blvd; Chandler, Arizona 85226",461,https://www.azjobconnection.gov/search/warn_lookups/461
Benihana Mid town,"Apr 05, 2020",52,WARN,Scottsdale,85251,7 - ARIZONA@WORK - Maricopa County,"3815 N Scottsdale Rd; Scottsdale, Arizona 85251",462,https://www.azjobconnection.gov/search/warn_lookups/462
Benihana Ahwatukee,"Apr 05, 2020",26,WARN,Phoenix,85044,7 - ARIZONA@WORK - Maricopa County,"4921 E. Ray Rd; Phoenix, Arizona 85044",463,https://www.azjobconnection.gov/search/warn_lookups/463
Sushi Tucson,"Apr 05, 2020",43,WARN,Tucson,85718,6 - ARIZONA@WORK - Pima,"2905 E. Skyline Dr.; Tucson, Arizona 85718",464,https://www.azjobconnection.gov/search/warn_lookups/464
RA Mesa Corp,"Apr 05, 2020",40,WARN,Mesa,85204,6 - ARIZONA@WORK - Pima,"1652  S. Val Vista Dr. #101; Mesa, Arizona 85204",465,https://www.azjobconnection.gov/search/warn_lookups/465
RA Kierland Restaurant,"Apr 05, 2020",44,WARN,Scottsdale,85254,6 - ARIZONA@WORK - Pima,"13802 N. Scottsdale Rd, suite 176; Scottsdale, Arizona 85254",466,https://www.azjobconnection.gov/search/warn_lookups/466
Cocopah indian Tribe,"Apr 07, 2020",,WARN,Somerton,85350,9 - ARIZONA@WORK - Yuma County,,467,https://www.azjobconnection.gov/search/warn_lookups/467
Cocopah Casino and Resort,"Apr 07, 2020",70,WARN,Somerton,85350,9 - ARIZONA@WORK - Yuma County,"15318 S. Ave B; Somerton, Arizona 85350",468,https://www.azjobconnection.gov/search/warn_lookups/468
Mind Body,"Apr 07, 2020",91,WARN,,,7 - ARIZONA@WORK - Maricopa County,,469,https://www.azjobconnection.gov/search/warn_lookups/469
Wild River Family Entertainment Center,"Apr 07, 2020",35,WARN,Somerton,85350,9 - ARIZONA@WORK - Yuma County,"15316 S. Ave B; Somerton, Arizona 85350",470,https://www.azjobconnection.gov/search/warn_lookups/470
Cocopah Bend RV Resort and Golf,"Apr 07, 2020",,WARN,Yuma,85364,9 - ARIZONA@WORK - Yuma County,,471,https://www.azjobconnection.gov/search/warn_lookups/471
Estrellita Child Care center,"Apr 07, 2020",4,WARN,San luis,85336,9 - ARIZONA@WORK - Yuma County,"2715 N. 4th Ave; San luis, Arizona 85336",472,https://www.azjobconnection.gov/search/warn_lookups/472
Taylor farms,"Apr 07, 2020",407,WARN,Salinas,93902,9 - ARIZONA@WORK - Yuma County,"POI Box 1649; Salinas, California 93902",473,https://www.azjobconnection.gov/search/warn_lookups/473
Alsco,"Apr 07, 2020",26,WARN,Yuma,85365,9 - ARIZONA@WORK - Yuma County,"3231 South Florence lane; Yuma, Arizona 85365",474,https://www.azjobconnection.gov/search/warn_lookups/474
"IHG-Army Hotels, candlewood Suites","Apr 07, 2020",8,WARN,Yuma Proving Grounds,85365,9 - ARIZONA@WORK - Yuma County,"540 F Street; Yuma Proving Grounds, Arizona 85365",475,https://www.azjobconnection.gov/search/warn_lookups/475
Suit Supply,"Apr 08, 2020",9,WARN,,,7 - ARIZONA@WORK - Maricopa County,,476,https://www.azjobconnection.gov/search/warn_lookups/476
Medieval Times Dinner & Tournament,"Apr 08, 2020",,WARN,,,7 - ARIZONA@WORK - Maricopa County,,477,https://www.azjobconnection.gov/search/warn_lookups/477
Avis Budget,"Apr 08, 2020",85,WARN,,,5 - ARIZONA@WORK - City of Phoenix,,478,https://www.azjobconnection.gov/search/warn_lookups/478
Prospect,"Apr 09, 2020",154,WARN,Phoenix,85034,7 - ARIZONA@WORK - Maricopa County,"3400 E Skyharbor Blvd; Phoenix, Arizona 85034",479,https://www.azjobconnection.gov/search/warn_lookups/479
"Flying Food Group, LLC","Apr 10, 2020",96,WARN,Phoenix,85003,5 - ARIZONA@WORK - City of Phoenix,"7375 W. Buckeye Rd. Suite 106; Phoenix, Arizona 85003",481,https://www.azjobconnection.gov/search/warn_lookups/481
Pink Adventure Tours,"Apr 14, 2020",269,WARN,,,,,482,https://www.azjobconnection.gov/search/warn_lookups/482
"Guess?, Inc","Apr 13, 2020",41,WARN,,,7 - ARIZONA@WORK - Maricopa County,,483,https://www.azjobconnection.gov/search/warn_lookups/483
"Tufesa USA, LLC","Apr 15, 2020",37,WARN,Phoenix,85009,5 - ARIZONA@WORK - City of Phoenix,"1614 N. 27th Ave & 1420 N. 27th Ave; Phoenix, Arizona 85009",484,https://www.azjobconnection.gov/search/warn_lookups/484
Open Door,"Apr 15, 2020",,WARN,,,7 - ARIZONA@WORK - Maricopa County,,485,https://www.azjobconnection.gov/search/warn_lookups/485
Huhtamaki,"Apr 16, 2020",145,WARN,,,7 - ARIZONA@WORK - Maricopa County,,486,https://www.azjobconnection.gov/search/warn_lookups/486
GBT US LLC,"Apr 13, 2020",135,WARN,,,7 - ARIZONA@WORK - Maricopa County,,487,https://www.azjobconnection.gov/search/warn_lookups/487
Hexcel,"Apr 20, 2020",219,WARN,,,,,489,https://www.azjobconnection.gov/search/warn_lookups/489
Vision Works,"Apr 23, 2020",,WARN,,,7 - ARIZONA@WORK - Maricopa County,,490,https://www.azjobconnection.gov/search/warn_lookups/490
LM Industries,"May 01, 2020",49,WARN,,,7 - ARIZONA@WORK - Maricopa County,,491,https://www.azjobconnection.gov/search/warn_lookups/491
Arizona Grand Resort,"May 04, 2020",619,WARN,,,5 - ARIZONA@WORK - City of Phoenix,,492,https://www.azjobconnection.gov/search/warn_lookups/492
The Scott Resort and Spa,"May 04, 2020",123,WARN,,,7 - ARIZONA@WORK - Maricopa County,,493,https://www.azjobconnection.gov/search/warn_lookups/493
James River Insurance Company,"May 15, 2020",,WARN,,,7 - ARIZONA@WORK - Maricopa County,,494,https://www.azjobconnection.gov/search/warn_lookups/494
Fruit Growers Supply,"May 29, 2020",4,WARN,Yuma,85365,9 - ARIZONA@WORK - Yuma County,"4136 E. 32nd St.; Yuma, Arizona 85365",496,https://www.azjobconnection.gov/search/warn_lookups/496
Loews Ventana Canyon Resort,"May 29, 2020",272,WARN,,,6 - ARIZONA@WORK - Pima,,497,https://www.azjobconnection.gov/search/warn_lookups/497
Renaissance Phoenix Downtown Hotel,"Jun 01, 2020",207,WARN,,,5 - ARIZONA@WORK - City of Phoenix,,498,https://www.azjobconnection.gov/search/warn_lookups/498
FEAST American Diners,"Mar 23, 2020",485,WARN,Phoenix,85010,7 - ARIZONA@WORK - Maricopa County,"4120 N 51st Avenue; Phoenix, Arizona 85010",500,https://www.azjobconnection.gov/search/warn_lookups/500
old spagetti Factory,"Mar 24, 2020",68,WARN,Chandler,85226,7 - ARIZONA@WORK - Maricopa County,"3155 W. Chandler Blvd; Chandler, Arizona 85226",502,https://www.azjobconnection.gov/search/warn_lookups/502
Sam Levitz furniture,"Mar 25, 2020",628,WARN,Tucson,85705,6 - ARIZONA@WORK - Pima,"2020 W. Prince Rd; Tucson, Arizona 85705",505,https://www.azjobconnection.gov/search/warn_lookups/505
TENET Healthcare Corp.,"Mar 04, 2019",1,WARN,Phoenix,85020,5 - ARIZONA@WORK - City of Phoenix,"7878 N 16th Street suite 105; Phoenix, Arizona 85020",277,https://www.azjobconnection.gov/search/warn_lookups/277
Conifer Health Solutions,"Feb 28, 2019",2,WARN,Phoenix,85020,5 - ARIZONA@WORK - City of Phoenix,"7878 NB 16th Street, suite 105; Phoenix, Arizona 85020",290,https://www.azjobconnection.gov/search/warn_lookups/290
Alorica,"Jan 25, 2019",227,WARN,Tucson,85756,6 - ARIZONA@WORK - Pima,"2929 E Corona Rd.; Tucson, Arizona 85756",314,https://www.azjobconnection.gov/search/warn_lookups/314
Concentrix Corporation,"Apr 05, 2019",785,WARN,Tucson,85705,6 - ARIZONA@WORK - Pima,"3760 N. Commerce Dr; Tucson, Arizona 85705",319,https://www.azjobconnection.gov/search/warn_lookups/319
Safeway #1985,"Jan 04, 2019",62,WARN,Tucson,85742,6 - ARIZONA@WORK - Pima,"9705 North Thornydale Road; Tucson, Arizona 85742",322,https://www.azjobconnection.gov/search/warn_lookups/322
Invitation Homes,"Jan 16, 2019",,WARN,Scottsdale,85255,7 - ARIZONA@WORK - Maricopa County,,324,https://www.azjobconnection.gov/search/warn_lookups/324
Sodexo,"Jan 18, 2019",49,WARN,Phoenix,85034,5 - ARIZONA@WORK - City of Phoenix,"4000 E. Sky Harbor Blvd; Phoenix, Arizona 85034",325,https://www.azjobconnection.gov/search/warn_lookups/325
Tesla,"Jan 29, 2019",58,WARN,Phoenix,85040,7 - ARIZONA@WORK - Maricopa County,"3834 East Roeser Rd; Phoenix, Arizona 85040",326,https://www.azjobconnection.gov/search/warn_lookups/326
Web.com group Inc,"Feb 01, 2019",11,WARN,Scottsdale,85257,7 - ARIZONA@WORK - Maricopa County,"1355 n. Scottsfdale road, suite 400; Scottsdale, Arizona 85257",327,https://www.azjobconnection.gov/search/warn_lookups/327
Combat Tactical Training Range,"Feb 07, 2019",52,WARN,,,9 - ARIZONA@WORK - Yuma County,,328,https://www.azjobconnection.gov/search/warn_lookups/328
Western Refining,"Apr 10, 2019",37,WARN,Tempe,85281,7 - ARIZONA@WORK - Maricopa County,"1250 Washington St; Tempe, Arizona 85281",333,https://www.azjobconnection.gov/search/warn_lookups/333
Systems Solutions of Kentucky,"Feb 19, 2019",39,WARN,,,7 - ARIZONA@WORK - Maricopa County,,334,https://www.azjobconnection.gov/search/warn_lookups/334
Valassis,"Oct 23, 2019",,WARN,Phoenix,85034,5 - ARIZONA@WORK - City of Phoenix,,374,https://www.azjobconnection.gov/search/warn_lookups/374
General Dynamics Information Technology,"Feb 26, 2019",201,WARN,Sierra Vista,85365,1 - ARIZONA@WORK - Southeastern Arizona,"1001 Executive Dr,; Sierra Vista, Arizona 85365",337,https://www.azjobconnection.gov/search/warn_lookups/337
Target Corporation,"Mar 01, 2019",113,WARN,Tucson,85711,6 - ARIZONA@WORK - Pima,"5255 E. Broadway Blvd; Tucson, Arizona 85711",339,https://www.azjobconnection.gov/search/warn_lookups/339
Spectrum Pharmaceuticals,"Mar 01, 2019",3,WARN,Henderson,89052,7 - ARIZONA@WORK - Maricopa County,"11500 S. Eastern Ave., Suite 240; Henderson, Nevada 89052",340,https://www.azjobconnection.gov/search/warn_lookups/340
DialAmerica Marketing,"Mar 04, 2019",,WARN,Phoenix,85040,5 - ARIZONA@WORK - City of Phoenix,,342,https://www.azjobconnection.gov/search/warn_lookups/342
Dexcom,"Feb 26, 2019",160,WARN,Mesa,85202,7 - ARIZONA@WORK - Maricopa County,"232 S. Dobson Road; Mesa, Arizona 85202",343,https://www.azjobconnection.gov/search/warn_lookups/343
Arizona Daily Star,"Mar 21, 2019",59,WARN,Tucson,85714,6 - ARIZONA@WORK - Pima,"4850 South Park Avenue; Tucson, Arizona 85714",344,https://www.azjobconnection.gov/search/warn_lookups/344
Raytheon,"Mar 28, 2019",176,WARN,Sierra Vista,85635,1 - ARIZONA@WORK - Southeastern Arizona,"500 North Garden Avenue; Sierra Vista, Arizona 85635",345,https://www.azjobconnection.gov/search/warn_lookups/345
Radisson Suites Hotel Tucson,"Mar 29, 2019",82,WARN,Tucson,85710,6 - ARIZONA@WORK - Pima,"6555 East Speedway Boulevard; Tucson, Arizona 85710",346,https://www.azjobconnection.gov/search/warn_lookups/346
Spectra -Blue Water Resort & Casino,"Apr 01, 2019",128,WARN,Parker,85344,,"11300 Resort Drive; Parker, Arizona 85344",347,https://www.azjobconnection.gov/search/warn_lookups/347
Albertsons/Safeway 0940,"Apr 26, 2019",60,WARN,Tempe,85283,7 - ARIZONA@WORK - Maricopa County,"750 E. Guadalupe; Tempe, Arizona 85283",348,https://www.azjobconnection.gov/search/warn_lookups/348
Safeway 1567,"Apr 26, 2019",,WARN,Mesa,85213,7 - ARIZONA@WORK - Maricopa County,,349,https://www.azjobconnection.gov/search/warn_lookups/349
Leidos,"May 03, 2019",59,WARN,Prescott  Valley,86314,,"9807 E. Valley Rd.; Prescott  Valley, Arizona 86314",351,https://www.azjobconnection.gov/search/warn_lookups/351
Conair Corporation,"May 13, 2019",108,WARN,Glendale,85307,7 - ARIZONA@WORK - Maricopa County,"7811 N. Glen Harbor Boulevard; Glendale, Arizona 85307",352,https://www.azjobconnection.gov/search/warn_lookups/352
Raytheon Company,"Jun 06, 2019",69,WARN,Sierra Vista,85635,1 - ARIZONA@WORK - Southeastern Arizona,"500 North Garden Avenue; Sierra Vista, Arizona 85635",355,https://www.azjobconnection.gov/search/warn_lookups/355
Walmart,"Jun 12, 2019",23,WARN,Tempe,85281,7 - ARIZONA@WORK - Maricopa County,"671 E. Apache Blvd; Tempe, Arizona 85281",356,https://www.azjobconnection.gov/search/warn_lookups/356
Peabody Western Coal Company,"Jun 13, 2019",295,WARN,kayenta,86044,,"Navajo Route 41; kayenta, Arizona 86044",357,https://www.azjobconnection.gov/search/warn_lookups/357
Albertsons 2929,"Jun 21, 2019",,WARN,Gilbert,85297,7 - ARIZONA@WORK - Maricopa County,,358,https://www.azjobconnection.gov/search/warn_lookups/358
Safeway 1126,"Jun 21, 2019",60,WARN,Scottsdale,85259,7 - ARIZONA@WORK - Maricopa County,"11275 E. Via Linda; Scottsdale, Arizona 85259",359,https://www.azjobconnection.gov/search/warn_lookups/359
Wells Fargo,"Jul 18, 2019",82,WARN,Chandler,85286,7 - ARIZONA@WORK - Maricopa County,"2800 S. Price Rd; Chandler, Arizona 85286",360,https://www.azjobconnection.gov/search/warn_lookups/360
viant Medical LLC,"Jul 25, 2019",81,WARN,Tempe,85282,7 - ARIZONA@WORK - Maricopa County,"405 W. Geneva Drive; Tempe, Arizona 85282",362,https://www.azjobconnection.gov/search/warn_lookups/362
Aecom,"Jul 29, 2019",63,WARN,Luke AFB,85012,7 - ARIZONA@WORK - Maricopa County,"Arizona sites; Luke AFB, Arizona 85012",363,https://www.azjobconnection.gov/search/warn_lookups/363
"Insys Therapeutics, Inc","Aug 09, 2019",96,WARN,Chandler,85224,7 - ARIZONA@WORK - Maricopa County,"444 S. Ellis Street; Chandler, Arizona 85224",366,https://www.azjobconnection.gov/search/warn_lookups/366
Nestle USA and Nestle Dryers Ice Cream l,"Aug 16, 2019",85,WARN,Phoenix,85004,5 - ARIZONA@WORK - City of Phoenix,"3337 W. Wilshire Drive; Phoenix, Arizona 85004",368,https://www.azjobconnection.gov/search/warn_lookups/368
Alorica - Mesa,"Aug 28, 2019",,WARN,Mesa,85203,7 - ARIZONA@WORK - Maricopa County,,369,https://www.azjobconnection.gov/search/warn_lookups/369
Katerra,"Oct 09, 2019",61,WARN,Scottsdale,85258,7 - ARIZONA@WORK - Maricopa County,"9305 E. Via De Ventura, suite 200; Scottsdale, Arizona 85258",371,https://www.azjobconnection.gov/search/warn_lookups/371
Safeway #2676,"Oct 18, 2019",65,WARN,Mesa,85209,7 - ARIZONA@WORK - Maricopa County,"9101 E. Baseline Road; Mesa, Arizona 85209",372,https://www.azjobconnection.gov/search/warn_lookups/372
St Luke's Medical Center,"Oct 25, 2019",655,WARN,Phoenix,85006,5 - ARIZONA@WORK - City of Phoenix,"1800 East van Buren Street; Phoenix, Arizona 85006",373,https://www.azjobconnection.gov/search/warn_lookups/373
Dun & Bradstreet,"Oct 29, 2019",,WARN,Tucson,85701,6 - ARIZONA@WORK - Pima,,375,https://www.azjobconnection.gov/search/warn_lookups/375
Oakwood Worldwide US LP,"Oct 29, 2019",64,WARN,Phoenix,85021,5 - ARIZONA@WORK - City of Phoenix,"9630 N. 25th Avenue, Suite 300; Phoenix, Arizona 85021",376,https://www.azjobconnection.gov/search/warn_lookups/376
Cascades,"Oct 30, 2019",94,WARN,Kingman,86401,,"4625 N. Interstate Way; Kingman, Arizona 86401",377,https://www.azjobconnection.gov/search/warn_lookups/377
First Solar,"Oct 30, 2019",78,WARN,Tempe,85281,7 - ARIZONA@WORK - Maricopa County,"350 W. Washington Street, Suite 600; Tempe, Arizona 85281",378,https://www.azjobconnection.gov/search/warn_lookups/378
AMR Patient Advocacy Group - AZ,"Oct 31, 2019",77,WARN,Scottsdale,85258,7 - ARIZONA@WORK - Maricopa County,"8465 N. Pima Road,; Scottsdale, Arizona 85258",379,https://www.azjobconnection.gov/search/warn_lookups/379
Paradigm Precision,"Nov 14, 2019",200,WARN,Tempe,85283,7 - ARIZONA@WORK - Maricopa County,"404 W. Guadalupe Road; Tempe, Arizona 85283",381,https://www.azjobconnection.gov/search/warn_lookups/381
District medical Group (DMG),"Nov 14, 2019",67,WARN,Phoenix,85008,5 - ARIZONA@WORK - City of Phoenix,"2929 E. Thomas Rd.; Phoenix, Arizona 85008",383,https://www.azjobconnection.gov/search/warn_lookups/383
Katerra,"Dec 03, 2019",,WARN,Phoenix,85043,5 - ARIZONA@WORK - City of Phoenix,,386,https://www.azjobconnection.gov/search/warn_lookups/386
Global Solar,"Oct 24, 2019",97,WARN,Tucson,85747,6 - ARIZONA@WORK - Pima,"8500 South Rita Road; Tucson, Arizona 85747",387,https://www.azjobconnection.gov/search/warn_lookups/387
Ditech Financial LLC,"Dec 16, 2019",50,WARN,Tempe,85282,7 - ARIZONA@WORK - Maricopa County,"2100 E. Elliot Rd.; Tempe, Arizona 85282",388,https://www.azjobconnection.gov/search/warn_lookups/388
Compass USA - St Mary' Hospital,"Dec 30, 2019",75,WARN,Tucson,85745,6 - ARIZONA@WORK - Pima,"1601 W. St mary's Road; Tucson, Arizona 85745",389,https://www.azjobconnection.gov/search/warn_lookups/389
Compass USA - St Joseph's,"Dec 30, 2019",81,WARN,Tucson,85711,6 - ARIZONA@WORK - Pima,"350 Wilmont Road; Tucson, Arizona 85711",390,https://www.azjobconnection.gov/search/warn_lookups/390
Compass USA  - Holy Cross,"Dec 30, 2019",12,WARN,Tucson,85621,6 - ARIZONA@WORK - Pima,"1171 Target Range Road; Tucson, Arizona 85621",391,https://www.azjobconnection.gov/search/warn_lookups/391
Hard Rock Cafe International,"Dec 28, 2019",,WARN,Phoenix,85004,5 - ARIZONA@WORK - City of Phoenix,,393,https://www.azjobconnection.gov/search/warn_lookups/393
Cognizant,"Dec 18, 2019",602,WARN,Phoenix,85021,5 - ARIZONA@WORK - City of Phoenix,"2510 W. Dunlap Avenue, 6th floor; Phoenix, Arizona 85021",401,https://www.azjobconnection.gov/search/warn_lookups/401
La Palma Correctional Facility,"Feb 22, 2019",108,WARN,Eloy,85131,,"5501 N. LaPalma Road; Eloy, Arizona 85131",336,https://www.azjobconnection.gov/search/warn_lookups/336
Albertsons,"Jan 05, 2018",76,WARN,Phoenix,85028,5 - ARIZONA@WORK - City of Phoenix,"10665 N. tatus Blvd; Phoenix, Arizona 85028",284,https://www.azjobconnection.gov/search/warn_lookups/284
Sams Club,"Jan 11, 2018",150,WARN,Chandler,85225,7 - ARIZONA@WORK - Maricopa County,"1375 S. Arizona Blvd; Chandler, Arizona 85225",285,https://www.azjobconnection.gov/search/warn_lookups/285
Sams Club,"Jan 11, 2018",137,WARN,Prescott Valley,86314,,"5757 E. State Route 69; Prescott Valley, Arizona 86314",287,https://www.azjobconnection.gov/search/warn_lookups/287
Sams Club,"Jan 11, 2018",,WARN,Scottsdale,85251,7 - ARIZONA@WORK - Maricopa County,,288,https://www.azjobconnection.gov/search/warn_lookups/288
Western Refining,"Feb 28, 2018",32,WARN,Tempe,85281,7 - ARIZONA@WORK - Maricopa County,"1250 Washington Street; Tempe, Arizona 85281",291,https://www.azjobconnection.gov/search/warn_lookups/291
Boyd Coffee Company,"Mar 22, 2018",4,WARN,Tempe,85282,7 - ARIZONA@WORK - Maricopa County,"1060 W. Alameda Dr; Tempe, Arizona 85282",292,https://www.azjobconnection.gov/search/warn_lookups/292
Rockwell Collins,"Mar 26, 2018",413,WARN,Tucson,85710,6 - ARIZONA@WORK - Pima,"1851 S. pantano Rd; Tucson, Arizona 85710",293,https://www.azjobconnection.gov/search/warn_lookups/293
Marriott,"Apr 03, 2018",,WARN,Phoenix,85004,5 - ARIZONA@WORK - City of Phoenix,,294,https://www.azjobconnection.gov/search/warn_lookups/294
"ACS, LLC","Feb 21, 2018",60,WARN,Yuma,85365,9 - ARIZONA@WORK - Yuma County,"4101 S. Ave. 3 1/4 E; Yuma, Arizona 85365",295,https://www.azjobconnection.gov/search/warn_lookups/295
Schletter Inc.,"Apr 25, 2018",16,WARN,Tucson,85705,6 - ARIZONA@WORK - Pima,"3865 n. Business Center Drive , Suite 109; Tucson, Arizona 85705",296,https://www.azjobconnection.gov/search/warn_lookups/296
Direct Energy,"Apr 30, 2018",195,WARN,Tempe,85281,7 - ARIZONA@WORK - Maricopa County,"1401 S. 52nd Street, suite 115; Tempe, Arizona 85281",297,https://www.azjobconnection.gov/search/warn_lookups/297
TSI corporation,"May 29, 2018",,WARN,Las Vegas,89106,7 - ARIZONA@WORK - Maricopa County,,298,https://www.azjobconnection.gov/search/warn_lookups/298
UBER,"May 29, 2018",296,WARN,Tempe,85281,7 - ARIZONA@WORK - Maricopa County,"1524 W. 14th street, suite 120; Tempe, Arizona 85281",299,https://www.azjobconnection.gov/search/warn_lookups/299
Hawrhorne Gardening,"Jun 06, 2018",76,WARN,,,7 - ARIZONA@WORK - Maricopa County,,300,https://www.azjobconnection.gov/search/warn_lookups/300
AT&T,"Jun 14, 2018",85,WARN,Phoenix,85044,5 - ARIZONA@WORK - City of Phoenix,"14601 S. 50th st.; Phoenix, Arizona 85044",301,https://www.azjobconnection.gov/search/warn_lookups/301
Interagency Council,"Jun 13, 2018",15,WARN,Lake havasu City,,,"1940 Mesquite Avenue; Lake havasu City,",302,https://www.azjobconnection.gov/search/warn_lookups/302
Albertsons Store 959,"Jun 18, 2018",54,WARN,Tucson,85710,6 - ARIZONA@WORK - Pima,"6363 E. 22nd St.; Tucson, Arizona 85710",303,https://www.azjobconnection.gov/search/warn_lookups/303
Safeway 1636,"Jun 18, 2018",61,WARN,Glendale,85306,7 - ARIZONA@WORK - Maricopa County,"5860 w. tHUNDERBIRD aVENUE; Glendale, Arizona 85306",304,https://www.azjobconnection.gov/search/warn_lookups/304
Safeway 1202,"Jun 18, 2018",,WARN,Pheonix,85022,5 - ARIZONA@WORK - City of Phoenix,,305,https://www.azjobconnection.gov/search/warn_lookups/305
Marvell Semiconductors Inc.,"Jul 09, 2018",2,WARN,Chandler,85286,7 - ARIZONA@WORK - Maricopa County,"1750 E. Northrop Blvd, #100; Chandler, Arizona 85286",306,https://www.azjobconnection.gov/search/warn_lookups/306
C & W Services,"Jul 03, 2018",51,WARN,Phoenix,85006,5 - ARIZONA@WORK - City of Phoenix,"1944 East Sky Harbor Circle; Phoenix, Arizona 85006",307,https://www.azjobconnection.gov/search/warn_lookups/307
Abrazo Scottsdale Campus,"Jul 13, 2018",49,WARN,Phoenix,85032,5 - ARIZONA@WORK - City of Phoenix,"3929 E. bell Road; Phoenix, Arizona 85032",308,https://www.azjobconnection.gov/search/warn_lookups/308
GenRx Phamacy,"Sep 19, 2018",,WARN,Scottsdale,85255,7 - ARIZONA@WORK - Maricopa County,,310,https://www.azjobconnection.gov/search/warn_lookups/310
Essity North America LLC,"Sep 18, 2018",116,WARN,Bellemont,86015,,"14005 W. Old Hwy 66; Bellemont, Arizona 86015",311,https://www.azjobconnection.gov/search/warn_lookups/311
G/O Digital,"Sep 20, 2018",89,WARN,Phoenix,85004,5 - ARIZONA@WORK - City of Phoenix,"200 E. Van Buren Street; Phoenix, Arizona 85004",312,https://www.azjobconnection.gov/search/warn_lookups/312
Dream Center Education Holdings,"Jun 29, 2018",162,WARN,Phoenix,85201,5 - ARIZONA@WORK - City of Phoenix,"2233 West Dunlap Avenue; Phoenix, Arizona 85201",313,https://www.azjobconnection.gov/search/warn_lookups/313
Gannett Satellite Information Network,"Sep 26, 2018",72,WARN,Phoenix,85004,5 - ARIZONA@WORK - City of Phoenix,"201E. Washington sytreet, #1800; Phoenix, Arizona 85004",315,https://www.azjobconnection.gov/search/warn_lookups/315
Sears Tempe Call Center,"Oct 01, 2018",85,WARN,Tempe,85284,7 - ARIZONA@WORK - Maricopa County,"8440 S. Hardy Drive, Suite 100; Tempe, Arizona 85284",316,https://www.azjobconnection.gov/search/warn_lookups/316
Southwest Key Programs Inc.,"Oct 31, 2018",,WARN,Youngtown AZ,85363,7 - ARIZONA@WORK - Maricopa County,,317,https://www.azjobconnection.gov/search/warn_lookups/317
Southwest Key Programs Inc.,"Oct 31, 2018",100,WARN,Phoenix,85007,5 - ARIZONA@WORK - City of Phoenix,"1201 S. 7th Avenue; Phoenix, Arizona 85007",318,https://www.azjobconnection.gov/search/warn_lookups/318
Ulta Beauty,"Nov 13, 2018",196,WARN,Phoenix,85043,5 - ARIZONA@WORK - City of Phoenix,"4570 W. Lower Buckeye Rd. #150; Phoenix, Arizona 85043",320,https://www.azjobconnection.gov/search/warn_lookups/320
Turn-Key Solutions,"Nov 20, 2018",163,WARN,Glendale,85306,7 - ARIZONA@WORK - Maricopa County,"4920 W. Thunderbird Rd. c-120; Glendale, Arizona 85306",321,https://www.azjobconnection.gov/search/warn_lookups/321
Kmart #04996,"Dec 27, 2018",,WARN,Tucson,85710,6 - ARIZONA@WORK - Pima,,323,https://www.azjobconnection.gov/search/warn_lookups/323
Sams Club,"Jan 11, 2018",152,WARN,,,,,286,https://www.azjobconnection.gov/search/warn_lookups/286
Suddenlink Communications,"Aug 03, 2017",50,WARN,Lake Havasu,86403,,"2100 College Drive, suite 130; Lake Havasu, Arizona 86403",276,https://www.azjobconnection.gov/search/warn_lookups/276
Albertson Company #1026,"Jan 06, 2017",77,WARN,,,7 - ARIZONA@WORK - Maricopa County,,260,https://www.azjobconnection.gov/search/warn_lookups/260
Albertson Company #969,"Jan 06, 2017",77,WARN,,,7 - ARIZONA@WORK - Maricopa County,,262,https://www.azjobconnection.gov/search/warn_lookups/262
Zenefits,"Feb 09, 2017",165,WARN,Tempe,85281,7 - ARIZONA@WORK - Maricopa County,"40 E. Rio Salado Parkway; Tempe, Arizona 85281",263,https://www.azjobconnection.gov/search/warn_lookups/263
Whole Foods,"Feb 10, 2017",,WARN,,,5 - ARIZONA@WORK - City of Phoenix,,264,https://www.azjobconnection.gov/search/warn_lookups/264
Manpower Group,"Mar 17, 2017",53,WARN,Tempe,85284,7 - ARIZONA@WORK - Maricopa County,"2050 E. ASU Circle, Ste 120; Tempe, Arizona 85284",268,https://www.azjobconnection.gov/search/warn_lookups/268
Da Vita Rx,"Apr 19, 2017",83,WARN,Chandler,85244,7 - ARIZONA@WORK - Maricopa County,"485 N. Juniper Drive; Chandler, Arizona 85244",272,https://www.azjobconnection.gov/search/warn_lookups/272
"Royal Remanufacturing, LLC","Apr 25, 2017",52,WARN,Glendale,85301,7 - ARIZONA@WORK - Maricopa County,"5555 N. 51st Avenue; Glendale, Arizona 85301",273,https://www.azjobconnection.gov/search/warn_lookups/273
Kellogg's,"May 26, 2017",,WARN,Phoenix,85043,5 - ARIZONA@WORK - City of Phoenix,,274,https://www.azjobconnection.gov/search/warn_lookups/274
"SCA Tissue NA, LLC","Jun 08, 2017",78,WARN,,,,,275,https://www.azjobconnection.gov/search/warn_lookups/275
Rockwell collins,"Oct 19, 2017",28,WARN,,,6 - ARIZONA@WORK - Pima,,279,https://www.azjobconnection.gov/search/warn_lookups/279
Unitedhealth Group,"Nov 02, 2017",381,WARN,,,5 - ARIZONA@WORK - City of Phoenix,,280,https://www.azjobconnection.gov/search/warn_lookups/280
Marriott,"Nov 29, 2017",,WARN,Scottsdale,85254,7 - ARIZONA@WORK - Maricopa County,,283,https://www.azjobconnection.gov/search/warn_lookups/283
Xchange Leasing LLC (XCL),"Oct 31, 2017",228,WARN,,,5 - ARIZONA@WORK - City of Phoenix,,281,https://www.azjobconnection.gov/search/warn_lookups/281
"Philidor Rx Services, LLC","Jan 05, 2016",264,WARN,Phoenix,85040,5 - ARIZONA@WORK - City of Phoenix,"4217 East Cotton Center Boulevard, Suite 125; Phoenix, Arizona 85040",225,https://www.azjobconnection.gov/search/warn_lookups/225
"Golden EagleDistributors, Inc.","Jan 11, 2016",229,WARN,Tucson,85712,6 - ARIZONA@WORK - Pima,"705 East Ajo Way; Tucson, Arizona 85712",226,https://www.azjobconnection.gov/search/warn_lookups/226
"Golden EagleDistributors, Inc.","Jan 11, 2016",47,WARN,Buckeye,85326,7 - ARIZONA@WORK - Maricopa County,"26815 W. Baseline; Buckeye, Arizona 85326",228,https://www.azjobconnection.gov/search/warn_lookups/228
"Golden EagleDistributors, Inc.","Jan 11, 2016",50,WARN,Flagstaff,86001,,"1850 East Butler; Flagstaff, Arizona 86001",229,https://www.azjobconnection.gov/search/warn_lookups/229
"Golden EagleDistributors, Inc.","Jan 11, 2016",16,WARN,Show Low,85901,,"4000 Industrial Loop; Show Low, Arizona 85901",230,https://www.azjobconnection.gov/search/warn_lookups/230
"Golden EagleDistributors, Inc.","Jan 11, 2016",31,WARN,Tempe,85271,7 - ARIZONA@WORK - Maricopa County,"1618 West 12th Place; Tempe, Arizona 85271",231,https://www.azjobconnection.gov/search/warn_lookups/231
ASARCO Grupo Mexico,"Feb 11, 2016",162,WARN,Hayden,85135,,"6094 N. Asarco Road, PO Box 8; Hayden, Arizona 85135",232,https://www.azjobconnection.gov/search/warn_lookups/232
Aeroturbine,"Jan 27, 2016",,WARN,Phoenix,85340,7 - ARIZONA@WORK - Maricopa County,,233,https://www.azjobconnection.gov/search/warn_lookups/233
Intel Corporation,"Apr 25, 2016",248,WARN,Chandler,85248,7 - ARIZONA@WORK - Maricopa County,"4500 S. Dobson Road; Chandler, Arizona 85248",234,https://www.azjobconnection.gov/search/warn_lookups/234
Intel Corporation,"Apr 25, 2016",312,WARN,Chandler,85226,7 - ARIZONA@WORK - Maricopa County,"5000 W. Chandler Blvd; Chandler, Arizona 85226",235,https://www.azjobconnection.gov/search/warn_lookups/235
"ACS, LLC","May 04, 2016",25,WARN,Yuma,85365,9 - ARIZONA@WORK - Yuma County,"4101 S. Ave 3 1/4 E; Yuma, Arizona 85365",236,https://www.azjobconnection.gov/search/warn_lookups/236
"ACS, LLC","May 04, 2016",,WARN,Yuma,85365,9 - ARIZONA@WORK - Yuma County,,237,https://www.azjobconnection.gov/search/warn_lookups/237
GENCO,"Mar 29, 2016",73,WARN,Phoenix,85043,7 - ARIZONA@WORK - Maricopa County,"7200 W. Buckeye Road; Phoenix, Arizona 85043",238,https://www.azjobconnection.gov/search/warn_lookups/238
ZMC,"May 02, 2016",15,WARN,Scottsdale,85253,7 - ARIZONA@WORK - Maricopa County,"10101 N. Scottsdale Road; Scottsdale, Arizona 85253",239,https://www.azjobconnection.gov/search/warn_lookups/239
livingsocial,"Mar 16, 2016",122,WARN,Tucson,85711,6 - ARIZONA@WORK - Pima,"250 W. Willimas Blvd, Floor 4; Tucson, Arizona 85711",240,https://www.azjobconnection.gov/search/warn_lookups/240
Vitron manufacturing solutions,"Jan 06, 2016",87,WARN,,,5 - ARIZONA@WORK - City of Phoenix,,241,https://www.azjobconnection.gov/search/warn_lookups/241
DataSphere Technologies,"May 30, 2016",84,WARN,Tempe,85282,7 - ARIZONA@WORK - Maricopa County,"1560 W. Fountainhead Pkwy, Suite 200; Tempe, Arizona 85282",242,https://www.azjobconnection.gov/search/warn_lookups/242
"Advantage Logistics Southwest, Inc.","Jun 06, 2016",507,WARN,,,7 - ARIZONA@WORK - Maricopa County,,243,https://www.azjobconnection.gov/search/warn_lookups/243
ABB Inc.,"May 31, 2016",,WARN,,,5 - ARIZONA@WORK - City of Phoenix,,244,https://www.azjobconnection.gov/search/warn_lookups/244
Select Medical Corporation,"Aug 03, 2016",90,WARN,Scottsdale,85251,7 - ARIZONA@WORK - Maricopa County,"7400 E. Osborn Road, 3rd Flr, West; Scottsdale, Arizona 85251",245,https://www.azjobconnection.gov/search/warn_lookups/245
ManpowerGroup,"Aug 04, 2016",59,WARN,Tempe,85280,7 - ARIZONA@WORK - Maricopa County,"2050 E. ASU Circle, Ste. 120; Tempe, Arizona 85280",246,https://www.azjobconnection.gov/search/warn_lookups/246
ARRIS Group Inc.,"Aug 24, 2016",20,WARN,Phoenix,85044,5 - ARIZONA@WORK - City of Phoenix,"8222 S. 48th Street  #225; Phoenix, Arizona 85044",247,https://www.azjobconnection.gov/search/warn_lookups/247
ARRIS Group Inc.,"Aug 24, 2016",,WARN,Tempe,85283,7 - ARIZONA@WORK - Maricopa County,,248,https://www.azjobconnection.gov/search/warn_lookups/248
ARRIS Group Inc.,"Aug 24, 2016",36,WARN,Mesa,85201,7 - ARIZONA@WORK - Maricopa County,"1355 W. University Drive; Mesa, Arizona 85201",249,https://www.azjobconnection.gov/search/warn_lookups/249
RICOH USA Inc.,"Sep 01, 2016",68,WARN,Tempe,85281,7 - ARIZONA@WORK - Maricopa County,"1516 W. 17th Street; Tempe, Arizona 85281",250,https://www.azjobconnection.gov/search/warn_lookups/250
Theranos,"Oct 06, 2016",194,WARN,Scottsdale,85257,7 - ARIZONA@WORK - Maricopa County,"1365 N. Scottsdale road, Suite 300; Scottsdale, Arizona 85257",251,https://www.azjobconnection.gov/search/warn_lookups/251
AT&T,"Nov 29, 2016",50,WARN,,,5 - ARIZONA@WORK - City of Phoenix,,252,https://www.azjobconnection.gov/search/warn_lookups/252
GO Digital,"Nov 17, 2016",153,WARN,Phoenix,85004,5 - ARIZONA@WORK - City of Phoenix,"200 East Van Buren St; Phoenix, Arizona 85004",253,https://www.azjobconnection.gov/search/warn_lookups/253
Theranos,"Oct 06, 2016",,WARN,,,7 - ARIZONA@WORK - Maricopa County,,254,https://www.azjobconnection.gov/search/warn_lookups/254
"Hanjin Shipping America, LLC","Oct 12, 2016",181,WARN,,,7 - ARIZONA@WORK - Maricopa County,,255,https://www.azjobconnection.gov/search/warn_lookups/255
Marriott/Starwood Scottsdale Office,"Nov 29, 2016",76,WARN,Scottsdale,85254,7 - ARIZONA@WORK - Maricopa County,"15147 N Scottsdale Rd., Ste H-210; Scottsdale, Arizona 85254",256,https://www.azjobconnection.gov/search/warn_lookups/256
OTG Management Tucson LLC,"Dec 27, 2016",107,WARN,,,6 - ARIZONA@WORK - Pima,,259,https://www.azjobconnection.gov/search/warn_lookups/259
"Golden EagleDistributors, Inc.","Jan 11, 2016",,WARN,Casa Grande,,,,227,https://www.azjobconnection.gov/search/warn_lookups/227
"Transworld Systems, Inc (TSI)","Mar 26, 2015",62,WARN,,,5 - ARIZONA@WORK - City of Phoenix,,176,https://www.azjobconnection.gov/search/warn_lookups/176
Todds (Div of H.J. Heinz Co. L.P.,"Apr 01, 2015",82,WARN,,,5 - ARIZONA@WORK - City of Phoenix,,177,https://www.azjobconnection.gov/search/warn_lookups/177
United Recovery systems,"Mar 31, 2015",99,WARN,Tempe,85283,7 - ARIZONA@WORK - Maricopa County,"7340 South Kyrene Road; Tempe, Arizona 85283",178,https://www.azjobconnection.gov/search/warn_lookups/178
Intercontinental Exchange NYSE,"Mar 23, 2015",56,WARN,Phoenix,85016,5 - ARIZONA@WORK - City of Phoenix,"2355 E. Camelback Road, Suite 700; Phoenix, Arizona 85016",180,https://www.azjobconnection.gov/search/warn_lookups/180
Captial Group Companies Global,"Apr 22, 2015",173,WARN,,,7 - ARIZONA@WORK - Maricopa County,,181,https://www.azjobconnection.gov/search/warn_lookups/181
"Prospect Enterprises, Inc.","Apr 27, 2015",,WARN,Phoenix,85009,5 - ARIZONA@WORK - City of Phoenix,,182,https://www.azjobconnection.gov/search/warn_lookups/182
Zenith Education Group,"Apr 27, 2015",213,WARN,Tempe,85284,7 - ARIZONA@WORK - Maricopa County,"8160 S. Hardy Drive; Tempe, Arizona 85284",183,https://www.azjobconnection.gov/search/warn_lookups/183
Safeway,"May 04, 2015",50,WARN,,,7 - ARIZONA@WORK - Maricopa County,,185,https://www.azjobconnection.gov/search/warn_lookups/185
"Marriott International, Inc.","May 18, 2015",197,WARN,Phoenix,85016,5 - ARIZONA@WORK - City of Phoenix,"2401 East Camelback Road; Phoenix, Arizona 85016",186,https://www.azjobconnection.gov/search/warn_lookups/186
"Philosophy, Inc.","Apr 17, 2015",,WARN,Phoenix,85034,5 - ARIZONA@WORK - City of Phoenix,,187,https://www.azjobconnection.gov/search/warn_lookups/187
"Philosophy, Inc.","Apr 17, 2015",60,WARN,Phoenix,85043,5 - ARIZONA@WORK - City of Phoenix,"6913 West Buckeye Road, Suite 1; Phoenix, Arizona 85043",188,https://www.azjobconnection.gov/search/warn_lookups/188
"Enterprise Recovery Systems, Inc","Mar 31, 2015",132,WARN,Tempe,85283,7 - ARIZONA@WORK - Maricopa County,"7340 S. Kyrene Road; Tempe, Arizona 85283",179,https://www.azjobconnection.gov/search/warn_lookups/179
Life Care Centers of America,"Apr 30, 2015",147,WARN,Mesa,85206,7 - ARIZONA@WORK - Maricopa County,"5121 East Broadway Road; Mesa, Arizona 85206",190,https://www.azjobconnection.gov/search/warn_lookups/190
Life Care Centers of America,"Apr 30, 2015",156,WARN,Tucson,85704,6 - ARIZONA@WORK - Pima,"1313 West Magee Road; Tucson, Arizona 85704",191,https://www.azjobconnection.gov/search/warn_lookups/191
Life Care Centers of America,"Apr 30, 2015",157,WARN,Tucson,85704,6 - ARIZONA@WORK - Pima,"7970 North La Canada Drive; Tucson, Arizona 85704",192,https://www.azjobconnection.gov/search/warn_lookups/192
Life Care Centers of America,"Apr 30, 2015",136,WARN,Prescott,86301,,"1035 Scott Drive; Prescott, Arizona 86301",193,https://www.azjobconnection.gov/search/warn_lookups/193
Life Care Centers of America,"Apr 30, 2015",,WARN,Scottsdale,85251,7 - ARIZONA@WORK - Maricopa County,,194,https://www.azjobconnection.gov/search/warn_lookups/194
Life Care Centers of America,"Apr 30, 2015",133,WARN,Peoria,85382,7 - ARIZONA@WORK - Maricopa County,"20625 North Lake Pleasant Road; Peoria, Arizona 85382",195,https://www.azjobconnection.gov/search/warn_lookups/195
Life Care Centers of America,"Apr 30, 2015",144,WARN,Phoenix,85042,5 - ARIZONA@WORK - City of Phoenix,"8008 South Jesse Owens Parkway; Phoenix, Arizona 85042",196,https://www.azjobconnection.gov/search/warn_lookups/196
Life Care Centers of America,"Apr 30, 2015",65,WARN,Mesa,85206,7 - ARIZONA@WORK - Maricopa County,"520 South Higley Road; Mesa, Arizona 85206",197,https://www.azjobconnection.gov/search/warn_lookups/197
Life Care Centers of America,"Apr 30, 2015",,WARN,Mesa,85206,7 - ARIZONA@WORK - Maricopa County,,198,https://www.azjobconnection.gov/search/warn_lookups/198
Life Care Centers of America,"Apr 30, 2015",95,WARN,Prescott,86301,,"1045 Scott Drive; Prescott, Arizona 86301",199,https://www.azjobconnection.gov/search/warn_lookups/199
Life Care Centers of America,"Apr 30, 2015",102,WARN,Tucson,85704,6 - ARIZONA@WORK - Pima,"7900 North La Canada Drive; Tucson, Arizona 85704",200,https://www.azjobconnection.gov/search/warn_lookups/200
Staples,"Jun 26, 2015",60,WARN,Tolleson,85353,7 - ARIZONA@WORK - Maricopa County,"8602 W. Buckeye Road; Tolleson, Arizona 85353",201,https://www.azjobconnection.gov/search/warn_lookups/201
Quality Care Network,"Jul 28, 2015",107,WARN,Phoenix,85034,5 - ARIZONA@WORK - City of Phoenix,"5326 W. Washington St.; Phoenix, Arizona 85034",202,https://www.azjobconnection.gov/search/warn_lookups/202
"Ameron International, Inc.","Jul 31, 2015",82,WARN,Phoenix,85034,5 - ARIZONA@WORK - City of Phoenix,"2325 S. 7th Street; Phoenix, Arizona 85034",203,https://www.azjobconnection.gov/search/warn_lookups/203
Community Partners Inc,"Jul 27, 2015",,WARN,Tuscon,85711,6 - ARIZONA@WORK - Pima,,204,https://www.azjobconnection.gov/search/warn_lookups/204
Atkore International,"Aug 06, 2015",60,WARN,Phoenix,85009,5 - ARIZONA@WORK - City of Phoenix,"2525 N. 27th Avenue; Phoenix, Arizona 85009",205,https://www.azjobconnection.gov/search/warn_lookups/205
Calvery Staffing,"Aug 04, 2015",411,WARN,Phoenix,85034,5 - ARIZONA@WORK - City of Phoenix,"1732 E. Rental Car Way; Phoenix, Arizona 85034",208,https://www.azjobconnection.gov/search/warn_lookups/208
"Haggen, Inc.","Aug 14, 2015",51,WARN,Tucson,85748,6 - ARIZONA@WORK - Pima,"10380 East Broadway Blvd.; Tucson, Arizona 85748",209,https://www.azjobconnection.gov/search/warn_lookups/209
"Haggen, Inc.","Aug 14, 2015",35,WARN,Tucson,85710,6 - ARIZONA@WORK - Pima,"8740 E. Broadway Road; Tucson, Arizona 85710",211,https://www.azjobconnection.gov/search/warn_lookups/211
"Haggen, Inc.","Aug 14, 2015",45,WARN,Anthem,85086,7 - ARIZONA@WORK - Maricopa County,"3655 W. Anthem Way; Anthem, Arizona 85086",212,https://www.azjobconnection.gov/search/warn_lookups/212
"Haggen, Inc.","Aug 14, 2015",44,WARN,Flagstaff,86001,,"1416 E. Route 66; Flagstaff, Arizona 86001",213,https://www.azjobconnection.gov/search/warn_lookups/213
"Haggen, Inc.","Aug 14, 2015",,WARN,Prescott Valley,86314,,,214,https://www.azjobconnection.gov/search/warn_lookups/214
ATSCO Remanufacturing Inc.,"Aug 26, 2015",155,WARN,Phoenix,85031,5 - ARIZONA@WORK - City of Phoenix,"4525 North 43rd Ave; Phoenix, Arizona 85031",215,https://www.azjobconnection.gov/search/warn_lookups/215
ASARCO Grupo Mexico,"Aug 21, 2015",170,WARN,Hayden,85135,,"6094 N. Asarco road, PO Box 8; Hayden, Arizona 85135",216,https://www.azjobconnection.gov/search/warn_lookups/216
Littler Employment & labor Solutiions Worldwide,"Aug 14, 2015",84,WARN,Mesa,85201,7 - ARIZONA@WORK - Maricopa County,"1355 West University Drive; Mesa, Arizona 85201",217,https://www.azjobconnection.gov/search/warn_lookups/217
"Beck, Chaet, Bamberger,& Polsky, S.C.","Aug 14, 2015",,WARN,Phoenix,85007,5 - ARIZONA@WORK - City of Phoenix,,218,https://www.azjobconnection.gov/search/warn_lookups/218
Freeport-McMoRan,"Aug 27, 2015",170,WARN,Claypool,85532,,"4242 US Highway 60; Claypool, Arizona 85532",219,https://www.azjobconnection.gov/search/warn_lookups/219
Freeport-McMoRan Sierrita Inc.,"Oct 22, 2015",580,WARN,Green Valley,85622,6 - ARIZONA@WORK - Pima,"6200 W. Duval Mine Road; Green Valley, Arizona 85622",220,https://www.azjobconnection.gov/search/warn_lookups/220
"Marvell Semiconductor, Inc.","Oct 16, 2015",29,WARN,Chandler,85286,7 - ARIZONA@WORK - Maricopa County,"1750 E. Northrop Blvd #100; Chandler, Arizona 85286",221,https://www.azjobconnection.gov/search/warn_lookups/221
Management & Training Corporation,"Oct 28, 2015",,WARN,Golden Valley,86413,,,222,https://www.azjobconnection.gov/search/warn_lookups/222
Walter Investment Managment Corp,"Oct 28, 2015",96,WARN,Tempe,85281,7 - ARIZONA@WORK - Maricopa County,"8930 South Beck Avenue, Suite 111; Tempe, Arizona 85281",223,https://www.azjobconnection.gov/search/warn_lookups/223
"DAL Global Services, LLC","Nov 16, 2015",162,WARN,,,5 - ARIZONA@WORK - City of Phoenix,,224,https://www.azjobconnection.gov/search/warn_lookups/224
Safeway,"May 04, 2015",44,WARN,Globe,85539,,"2448 E. US Highway 60; Globe, Arizona 85539",184,https://www.azjobconnection.gov/search/warn_lookups/184
CenturyLink,"Feb 26, 2014",52,WARN,Phoenix,85012,5 - ARIZONA@WORK - City of Phoenix,"20 E. Thomas Road; Phoenix, Arizona 85012",115,https://www.azjobconnection.gov/search/warn_lookups/115
General Dynamics Information Technology,"Mar 06, 2014",187,WARN,Phoenix,85021,5 - ARIZONA@WORK - City of Phoenix,"8900 N. 22nd Ave.; Phoenix, Arizona 85021",116,https://www.azjobconnection.gov/search/warn_lookups/116
PaperWorks,"Jan 31, 2014",,WARN,Phoenix,19004,5 - ARIZONA@WORK - City of Phoenix,,117,https://www.azjobconnection.gov/search/warn_lookups/117
Magellan,"Jan 27, 2014",247,WARN,,,5 - ARIZONA@WORK - City of Phoenix,,119,https://www.azjobconnection.gov/search/warn_lookups/119
GE Capital,"Jan 15, 2014",89,WARN,,,5 - ARIZONA@WORK - City of Phoenix,,120,https://www.azjobconnection.gov/search/warn_lookups/120
"Blue Chip southwest, LLC","Jan 24, 2014",85,WARN,Tolleson,85085,7 - ARIZONA@WORK - Maricopa County,"407 S. 107th Ave. Build D; Tolleson, Arizona 85085",121,https://www.azjobconnection.gov/search/warn_lookups/121
Albertsons LLC,"Jan 13, 2014",68,WARN,Phoenix,85032,7 - ARIZONA@WORK - Maricopa County,"4747 E. Greenway Road; Phoenix, Arizona 85032",122,https://www.azjobconnection.gov/search/warn_lookups/122
Macy'S,"Jan 08, 2014",92,WARN,,,7 - ARIZONA@WORK - Maricopa County,,131,https://www.azjobconnection.gov/search/warn_lookups/131
Lockheed Martin Corporation Information Systems,"Apr 11, 2014",402,WARN,Goodyear,85338,7 - ARIZONA@WORK - Maricopa County,"1300 S. Litchfield Road; Goodyear, Arizona 85338",153,https://www.azjobconnection.gov/search/warn_lookups/153
Maricopa Integrated Health System (CCC),"Apr 25, 2014",,WARN,Phoenix,85008,5 - ARIZONA@WORK - City of Phoenix,,154,https://www.azjobconnection.gov/search/warn_lookups/154
"US Airways, Inc.","Apr 07, 2014",13,WARN,Tempe,85281,7 - ARIZONA@WORK - Maricopa County,"111 W. Rio Salado Pkwy; Tempe, Arizona 85281",155,https://www.azjobconnection.gov/search/warn_lookups/155
Acosta Sales & Marketing,"Jun 19, 2014",50,WARN,Phoenix,85040,5 - ARIZONA@WORK - City of Phoenix,"4050 E. Cotton Center Blvd, Ste 70; Phoenix, Arizona 85040",156,https://www.azjobconnection.gov/search/warn_lookups/156
TRX Managment LLCdba Zona Hotel & Suites,"Jun 20, 2014",82,WARN,,,7 - ARIZONA@WORK - Maricopa County,,157,https://www.azjobconnection.gov/search/warn_lookups/157
Sodexo,"Jul 30, 2014",,WARN,,,7 - ARIZONA@WORK - Maricopa County,,158,https://www.azjobconnection.gov/search/warn_lookups/158
Davidson Hotels & Resorts,"Jun 26, 2014",51,WARN,Scottsdale,85253,7 - ARIZONA@WORK - Maricopa County,"6160 N. Scottsdale Road; Scottsdale, Arizona 85253",159,https://www.azjobconnection.gov/search/warn_lookups/159
Arizona Neurological Institute,"Aug 01, 2014",110,WARN,,,7 - ARIZONA@WORK - Maricopa County,,160,https://www.azjobconnection.gov/search/warn_lookups/160
Anthem Education,"Jul 15, 2014",21,WARN,Phoenix,85029,5 - ARIZONA@WORK - City of Phoenix,"925 N. Black Canyon Hwy; Phoenix, Arizona 85029",162,https://www.azjobconnection.gov/search/warn_lookups/162
"NewStar Fresh Foods, LLC","Aug 15, 2014",41,WARN,Yuma,85364,9 - ARIZONA@WORK - Yuma County,"4101 S. Avenue 3 1/14 E; Yuma, Arizona 85364",163,https://www.azjobconnection.gov/search/warn_lookups/163
Rural Metro,"Aug 27, 2014",255,WARN,Scottsdale,85258,7 - ARIZONA@WORK - Maricopa County,"9165 E. Del Camino; Scottsdale, Arizona 85258",164,https://www.azjobconnection.gov/search/warn_lookups/164
"Marcolin USA, Inc","Sep 30, 2014",105,WARN,Scottsdale,85260,7 - ARIZONA@WORK - Maricopa County,"4243 E. Tierra Buena Lane; Scottsdale, Arizona 85260",165,https://www.azjobconnection.gov/search/warn_lookups/165
Primary Financial Services,"Oct 06, 2014",,WARN,,,5 - ARIZONA@WORK - City of Phoenix,,166,https://www.azjobconnection.gov/search/warn_lookups/166
GT Advanced Technologies,"Oct 16, 2014",727,WARN,,,7 - ARIZONA@WORK - Maricopa County,,167,https://www.azjobconnection.gov/search/warn_lookups/167
Walgreen Co.,"Oct 20, 2014",348,WARN,,,,,168,https://www.azjobconnection.gov/search/warn_lookups/168
Kmart Corporation,"Oct 15, 2014",109,WARN,Phoenix,85042,5 - ARIZONA@WORK - City of Phoenix,"336 East Baseline Road; Phoenix, Arizona 85042",169,https://www.azjobconnection.gov/search/warn_lookups/169
Thunderbird School of Global Management,"Oct 09, 2014",,WARN,,,5 - ARIZONA@WORK - City of Phoenix,,170,https://www.azjobconnection.gov/search/warn_lookups/170
"Benchmark Electronics Phoenix, Inc.","Oct 30, 2014",140,WARN,,,5 - ARIZONA@WORK - City of Phoenix,,171,https://www.azjobconnection.gov/search/warn_lookups/171
Xanterra L.L.C.,"Oct 29, 2014",978,WARN,Grand Canyon,86023,,"P O Box 129; Grand Canyon, Arizona 86023",172,https://www.azjobconnection.gov/search/warn_lookups/172
Margaritaville,"Nov 12, 2014",55,WARN,Glendale,85305,7 - ARIZONA@WORK - Maricopa County,"6751 N. Sunset Blvd., Suite E109; Glendale, Arizona 85305",173,https://www.azjobconnection.gov/search/warn_lookups/173
Mineral Park Inc.,"Dec 29, 2014",383,WARN,,,,,174,https://www.azjobconnection.gov/search/warn_lookups/174
Arizona Grand Senior Living Community,"Dec 30, 2014",92,WARN,,,5 - ARIZONA@WORK - City of Phoenix,,175,https://www.azjobconnection.gov/search/warn_lookups/175
"SYKES Enterprises, Incorporated","Jan 24, 2012",85,WARN,,,8 - ARIZONA@WORK - Santa Cruz County,,3,https://www.azjobconnection.gov/search/warn_lookups/3
VT Services,"Jan 31, 2012",107,WARN,,,1 - ARIZONA@WORK - Southeastern Arizona,,4,https://www.azjobconnection.gov/search/warn_lookups/4
Wells Fargo,"Mar 26, 2012",76,WARN,Chandler,85286,7 - ARIZONA@WORK - Maricopa County,"2600 S Price Rd; Chandler, Arizona 85286",5,https://www.azjobconnection.gov/search/warn_lookups/5
"Chevron Mining, Inc. McKinley Mine","Feb 08, 2012",103,WARN,,,,,6,https://www.azjobconnection.gov/search/warn_lookups/6
Schuff Steel Company,"Feb 24, 2012",89,WARN,,,7 - ARIZONA@WORK - Maricopa County,,7,https://www.azjobconnection.gov/search/warn_lookups/7
SCAN Health Plan Arizona,"Feb 29, 2012",,WARN,,,7 - ARIZONA@WORK - Maricopa County,,8,https://www.azjobconnection.gov/search/warn_lookups/8
Armor Works,"Mar 12, 2012",124,WARN,,,7 - ARIZONA@WORK - Maricopa County,,9,https://www.azjobconnection.gov/search/warn_lookups/9
The Great Indoors  #1901,"Apr 18, 2012",75,WARN,,,7 - ARIZONA@WORK - Maricopa County,,10,https://www.azjobconnection.gov/search/warn_lookups/10
The Great Indoors #1913,"Apr 18, 2012",61,WARN,,,7 - ARIZONA@WORK - Maricopa County,,11,https://www.azjobconnection.gov/search/warn_lookups/11
"American Airlines, Inc.","May 01, 2012",,WARN,,,6 - ARIZONA@WORK - Pima,,40,https://www.azjobconnection.gov/search/warn_lookups/40
Covance Laboratories Inc.,"May 02, 2012",133,WARN,,,7 - ARIZONA@WORK - Maricopa County,,63,https://www.azjobconnection.gov/search/warn_lookups/63
MetLife,"May 01, 2012",64,WARN,,,7 - ARIZONA@WORK - Maricopa County,,64,https://www.azjobconnection.gov/search/warn_lookups/64
"O.P.E.N. America, Inc. dba: OpenWorks","May 01, 2012",144,WARN,,,7 - ARIZONA@WORK - Maricopa County,,65,https://www.azjobconnection.gov/search/warn_lookups/65
"Hostess Brands, Inc.","May 04, 2012",,WARN,,,1 - ARIZONA@WORK - Southeastern Arizona,,66,https://www.azjobconnection.gov/search/warn_lookups/66
Hostess Brand Inc.,"May 04, 2012",9,WARN,,,,,67,https://www.azjobconnection.gov/search/warn_lookups/67
"Hostess Brands, Inc.","May 04, 2012",1,WARN,,,,,70,https://www.azjobconnection.gov/search/warn_lookups/70
"Hostess Brands, Inc.","May 04, 2012",2,WARN,,,7 - ARIZONA@WORK - Maricopa County,,71,https://www.azjobconnection.gov/search/warn_lookups/71
"Hostess Brands, Inc.","May 04, 2012",42,WARN,,,7 - ARIZONA@WORK - Maricopa County,,72,https://www.azjobconnection.gov/search/warn_lookups/72
"Hostess Brands, Inc.","May 04, 2012",38,WARN,,,7 - ARIZONA@WORK - Maricopa County,,73,https://www.azjobconnection.gov/search/warn_lookups/73
"Hostess Brand, Inc.","May 04, 2012",43,WARN,,,7 - ARIZONA@WORK - Maricopa County,,74,https://www.azjobconnection.gov/search/warn_lookups/74
"Hostess Brands, Inc.","May 04, 2012",,WARN,,,7 - ARIZONA@WORK - Maricopa County,,75,https://www.azjobconnection.gov/search/warn_lookups/75
"Hostess Brands, Inc.","May 04, 2012",7,WARN,,,,,76,https://www.azjobconnection.gov/search/warn_lookups/76
"Hostess Brand, Inc.","May 04, 2012",5,WARN,,,,,77,https://www.azjobconnection.gov/search/warn_lookups/77
"Hostess Brands, Inc.","May 04, 2012",6,WARN,,,,,78,https://www.azjobconnection.gov/search/warn_lookups/78
"Hostess Brands, Inc.","May 04, 2012",,WARN,,,,,79,https://www.azjobconnection.gov/search/warn_lookups/79
"Hostess Brands, Inc.","May 04, 2012",38,WARN,,,6 - ARIZONA@WORK - Pima,,80,https://www.azjobconnection.gov/search/warn_lookups/80
"Hostess Brands, Inc.","May 04, 2012",3,WARN,,,,,82,https://www.azjobconnection.gov/search/warn_lookups/82
"Hostess Brands, Inc.","May 04, 2012",8,WARN,,,9 - ARIZONA@WORK - Yuma County,,83,https://www.azjobconnection.gov/search/warn_lookups/83
"Bada Bing Bakery LLC, dba Chompie's Baking Co.","Mar 16, 2012",74,WARN,,,7 - ARIZONA@WORK - Maricopa County,,86,https://www.azjobconnection.gov/search/warn_lookups/86
"Mojave Desert Minerals, LLC","Jul 12, 2012",56,WARN,Oatman,86433,,"10277 W. Oatman Hwy; Oatman, Arizona 86433",87,https://www.azjobconnection.gov/search/warn_lookups/87
"THQ, Inc.","Jul 19, 2012",,WARN,Phoenix,85016,5 - ARIZONA@WORK - City of Phoenix,,88,https://www.azjobconnection.gov/search/warn_lookups/88
Catalyst Paper Inc.,"Jul 30, 2012",266,WARN,,,,,89,https://www.azjobconnection.gov/search/warn_lookups/89
The Apache Railway Company Inc.,"Jul 30, 2012",26,WARN,,,,,90,https://www.azjobconnection.gov/search/warn_lookups/90
"Global Solar Energy, Inc.","Jul 19, 2012",39,WARN,,,6 - ARIZONA@WORK - Pima,,91,https://www.azjobconnection.gov/search/warn_lookups/91
"Asset Acceptance, LLC","Sep 10, 2012",,WARN,Tempe,85283,7 - ARIZONA@WORK - Maricopa County,,92,https://www.azjobconnection.gov/search/warn_lookups/92
Kmart Corporation,"Oct 04, 2012",56,WARN,Peoria,85345,7 - ARIZONA@WORK - Maricopa County,"10140 N. 91st Avenue; Peoria, Arizona 85345",93,https://www.azjobconnection.gov/search/warn_lookups/93
AAA Club Partners,"Oct 09, 2012",104,WARN,Glendale,85308,7 - ARIZONA@WORK - Maricopa County,"5353 West Bell Road; Glendale, Arizona 85308",94,https://www.azjobconnection.gov/search/warn_lookups/94
Guardian Building Products,"Oct 15, 2012",89,WARN,Kingman,86401,,"4200 Industrial Blvd; Kingman, Arizona 86401",95,https://www.azjobconnection.gov/search/warn_lookups/95
"marriott International, Inc.","Aug 30, 2012",,WARN,Marana,85658,6 - ARIZONA@WORK - Pima,,96,https://www.azjobconnection.gov/search/warn_lookups/96
HMSHost,"Oct 29, 2012",409,WARN,,,5 - ARIZONA@WORK - City of Phoenix,,97,https://www.azjobconnection.gov/search/warn_lookups/97
"Wyndam Vaction ownerhsip, Inc. (Company)","Nov 07, 2012",99,WARN,Scottsdale,85251,7 - ARIZONA@WORK - Maricopa County,"6991 Camelback Road, Suite B111; Scottsdale, Arizona 85251",98,https://www.azjobconnection.gov/search/warn_lookups/98
Hawker Beechcraft Corporation,"Nov 14, 2012",38,WARN,Mesa,85209,7 - ARIZONA@WORK - Maricopa County,"5615 S. Sossaman Road; Mesa, Arizona 85209",99,https://www.azjobconnection.gov/search/warn_lookups/99
Valeant Pharmaceuticals North America LLC,"Dec 10, 2012",319,WARN,Scottsdale,85254,7 - ARIZONA@WORK - Maricopa County,"720 North Dobson Road; Scottsdale, Arizona 85254",100,https://www.azjobconnection.gov/search/warn_lookups/100
"VWR International, Rodnor Corporate Center","Dec 17, 2012",50,WARN,Chandler,85248,7 - ARIZONA@WORK - Maricopa County,"4500 S. Dobson Road; Chandler, Arizona 85248",101,https://www.azjobconnection.gov/search/warn_lookups/101
TriWest Healthcare Alliance,"Dec 10, 2012",904,WARN,,,5 - ARIZONA@WORK - City of Phoenix,,102,https://www.azjobconnection.gov/search/warn_lookups/102
Albertson's Store #968,"Jan 06, 2012",,WARN,,,,,2,https://www.azjobconnection.gov/search/warn_lookups/2
"Hostess Brands, Inc.","May 04, 2012",1,WARN,,,,,68,https://www.azjobconnection.gov/search/warn_lookups/68
"Hostess Brand, Inc.","May 04, 2012",1,WARN,,,,,69,https://www.azjobconnection.gov/search/warn_lookups/69
"Hostess Brands, Inc.","May 04, 2012",2,WARN,,,,,81,https://www.azjobconnection.gov/search/warn_lookups/81
Cementation,"Dec 10, 2012",,WARN,Superior,85723,,,103,https://www.azjobconnection.gov/search/warn_lookups/103
SSI,"Dec 18, 2012",135,WARN,Casa Grande,85122,,"550 North Camino Merade, Suite 21; Casa Grande, Arizona 85122",104,https://www.azjobconnection.gov/search/warn_lookups/104
CardWorks Processing LLC,"Dec 01, 2011",146,WARN,,,6 - ARIZONA@WORK - Pima,,33,https://www.azjobconnection.gov/search/warn_lookups/33
UTi Intergrated Logistics,"Dec 12, 2011",144,WARN,,,7 - ARIZONA@WORK - Maricopa County,,34,https://www.azjobconnection.gov/search/warn_lookups/34
"TCIM Services, Inc.","Nov 01, 2011",122,WARN,,,6 - ARIZONA@WORK - Pima,,35,https://www.azjobconnection.gov/search/warn_lookups/35
"Healthways, Inc.","Nov 16, 2011",,WARN,,,7 - ARIZONA@WORK - Maricopa County,,36,https://www.azjobconnection.gov/search/warn_lookups/36
International Bedding,"Oct 21, 2011",83,WARN,,,7 - ARIZONA@WORK - Maricopa County,,37,https://www.azjobconnection.gov/search/warn_lookups/37
Milgard Windows & Doors,"Oct 17, 2011",86,WARN,,,7 - ARIZONA@WORK - Maricopa County,,38,https://www.azjobconnection.gov/search/warn_lookups/38
Kmart  Store # 4269,"Oct 15, 2011",105,WARN,,,7 - ARIZONA@WORK - Maricopa County,,39,https://www.azjobconnection.gov/search/warn_lookups/39
"Schenker, Inc.","Sep 16, 2011",,WARN,,,7 - ARIZONA@WORK - Maricopa County,,41,https://www.azjobconnection.gov/search/warn_lookups/41
"Video Monitoring Services of America, LP","Aug 26, 2011",0,WARN,,,6 - ARIZONA@WORK - Pima,,42,https://www.azjobconnection.gov/search/warn_lookups/42
Hualapai Mountain Medical Center,"Aug 26, 2011",221,WARN,,,,,43,https://www.azjobconnection.gov/search/warn_lookups/43
SOLON Corporation,"Aug 15, 2011",64,WARN,,,6 - ARIZONA@WORK - Pima,,44,https://www.azjobconnection.gov/search/warn_lookups/44
"ShelterClean of Arizona, Inc.","Aug 15, 2011",36,WARN,,,7 - ARIZONA@WORK - Maricopa County,,45,https://www.azjobconnection.gov/search/warn_lookups/45
"THQ,  Inc. Digital Studio Phoenix","Aug 08, 2011",48,WARN,,,7 - ARIZONA@WORK - Maricopa County,,46,https://www.azjobconnection.gov/search/warn_lookups/46
Bridgeway Health Solutions,"Jul 29, 2011",134,WARN,,,6 - ARIZONA@WORK - Pima,,48,https://www.azjobconnection.gov/search/warn_lookups/48
Cellco Partnership dba Verizon Wireless,"Jul 27, 2011",,WARN,,,7 - ARIZONA@WORK - Maricopa County,,49,https://www.azjobconnection.gov/search/warn_lookups/49
Supervalu Logistics,"Jul 12, 2011",126,WARN,,,7 - ARIZONA@WORK - Maricopa County,,50,https://www.azjobconnection.gov/search/warn_lookups/50
Mike Campbell & Associates,"Jul 06, 2011",7,WARN,,,7 - ARIZONA@WORK - Maricopa County,,51,https://www.azjobconnection.gov/search/warn_lookups/51
"DeVry, Inc.","Jun 17, 2011",150,WARN,,,7 - ARIZONA@WORK - Maricopa County,,52,https://www.azjobconnection.gov/search/warn_lookups/52
"Semiconductor Component Industries, LLC dba ON Sem","Jun 03, 2011",,WARN,,,7 - ARIZONA@WORK - Maricopa County,,53,https://www.azjobconnection.gov/search/warn_lookups/53
"Superior Technical Resources, Inc.","Jun 02, 2011",26,WARN,,,7 - ARIZONA@WORK - Maricopa County,,54,https://www.azjobconnection.gov/search/warn_lookups/54
Hometown America,"May 31, 2011",16,WARN,,,6 - ARIZONA@WORK - Pima,,55,https://www.azjobconnection.gov/search/warn_lookups/55
Republic National Distributing Company,"May 27, 2011",250,WARN,,,7 - ARIZONA@WORK - Maricopa County,,56,https://www.azjobconnection.gov/search/warn_lookups/56
Deluxe Corporation,"May 24, 2011",,WARN,,,7 - ARIZONA@WORK - Maricopa County,,57,https://www.azjobconnection.gov/search/warn_lookups/57
Ameron International Phoenix Division,"Apr 06, 2011",112,WARN,,,7 - ARIZONA@WORK - Maricopa County,,58,https://www.azjobconnection.gov/search/warn_lookups/58
Robb & Stucky Limited LLLP,"Mar 09, 2011",89,WARN,,,7 - ARIZONA@WORK - Maricopa County,,59,https://www.azjobconnection.gov/search/warn_lookups/59
"Northrop Grumman Technical Services, Inc.","Mar 01, 2011",67,WARN,,,9 - ARIZONA@WORK - Yuma County,,60,https://www.azjobconnection.gov/search/warn_lookups/60
Abrazo Health Care,"Jan 07, 2011",79,WARN,,,7 - ARIZONA@WORK - Maricopa County,,61,https://www.azjobconnection.gov/search/warn_lookups/61
Vulcan Materials Company,"Mar 18, 2011",61,WARN,,,7 - ARIZONA@WORK - Maricopa County,,62,https://www.azjobconnection.gov/search/warn_lookups/62
Carlota Copper Company,"Aug 01, 2011",,WARN,,,,,47,https://www.azjobconnection.gov/search/warn_lookups/47
International Window Arizona,"Dec 30, 2010",64,WARN,,,7 - ARIZONA@WORK - Maricopa County,,12,https://www.azjobconnection.gov/search/warn_lookups/12
Kaplan University,"Dec 07, 2010",56,WARN,,,7 - ARIZONA@WORK - Maricopa County,,13,https://www.azjobconnection.gov/search/warn_lookups/13
John C. Lincoln Health Network's North Mountain,"Dec 06, 2010",,WARN,,,7 - ARIZONA@WORK - Maricopa County,,14,https://www.azjobconnection.gov/search/warn_lookups/14
ZipRealty,"Nov 29, 2010",195,WARN,,,7 - ARIZONA@WORK - Maricopa County,,15,https://www.azjobconnection.gov/search/warn_lookups/15
CEMEX,"Nov 22, 2010",49,WARN,,,6 - ARIZONA@WORK - Pima,,16,https://www.azjobconnection.gov/search/warn_lookups/16
Palm Harbor Homes,"Nov 19, 2010",86,WARN,,,7 - ARIZONA@WORK - Maricopa County,,17,https://www.azjobconnection.gov/search/warn_lookups/17
Plastican division of BWAY Corporation,"Nov 17, 2010",,WARN,,,7 - ARIZONA@WORK - Maricopa County,,18,https://www.azjobconnection.gov/search/warn_lookups/18
Pulte Building Services (PBS),"Nov 12, 2010",351,WARN,,,7 - ARIZONA@WORK - Maricopa County,,19,https://www.azjobconnection.gov/search/warn_lookups/19
Hines Nurseries,"Oct 06, 2010",133,WARN,,,,,20,https://www.azjobconnection.gov/search/warn_lookups/20
"AB Car Rental Services, Inc.","Sep 28, 2010",70,WARN,,,7 - ARIZONA@WORK - Maricopa County,,21,https://www.azjobconnection.gov/search/warn_lookups/21
Xanodyne Pharamaceuticals,"Sep 21, 2010",,WARN,,,7 - ARIZONA@WORK - Maricopa County,,22,https://www.azjobconnection.gov/search/warn_lookups/22
"O'Reilly Automotive, Inc.","Sep 09, 2010",45,WARN,,,7 - ARIZONA@WORK - Maricopa County,,23,https://www.azjobconnection.gov/search/warn_lookups/23
"Dole Fresh Vegetables, Inc.","Aug 27, 2010",652,WARN,,,9 - ARIZONA@WORK - Yuma County,,24,https://www.azjobconnection.gov/search/warn_lookups/24
Whirlaway Corporation,"Aug 10, 2010",150,WARN,,,7 - ARIZONA@WORK - Maricopa County,,25,https://www.azjobconnection.gov/search/warn_lookups/25
"Citigroup, Inc.","Jul 30, 2010",272,WARN,,,7 - ARIZONA@WORK - Maricopa County,,26,https://www.azjobconnection.gov/search/warn_lookups/26
Coach-Net Services Group,"Jul 27, 2010",160,WARN,,,,,27,https://www.azjobconnection.gov/search/warn_lookups/27
Microsemi Corporation,"Jul 12, 2010",255,WARN,,,7 - ARIZONA@WORK - Maricopa County,,28,https://www.azjobconnection.gov/search/warn_lookups/28
Crowne Plaza Hotel,"Jun 30, 2010",,WARN,,,7 - ARIZONA@WORK - Maricopa County,,29,https://www.azjobconnection.gov/search/warn_lookups/29
Embassy Suites Hotel (Phoenix),"Jun 14, 2010",73,WARN,,,7 - ARIZONA@WORK - Maricopa County,,30,https://www.azjobconnection.gov/search/warn_lookups/30
Marketfare Foods,"Jun 11, 2010",84,WARN,,,7 - ARIZONA@WORK - Maricopa County,,31,https://www.azjobconnection.gov/search/warn_lookups/31
ATC/Vancom of Arizona L.P. dba Veolia Tranport.,"Apr 28, 2010",953,WARN,,,7 - ARIZONA@WORK - Maricopa County,,32,https://www.azjobconnection.gov/search/warn_lookups/32
