employer,notice_date,number_of_employees_affected,warn_type,city,zip,lwib_area,address,record_number,detail_page_url
Sonoco,"Mar 13, 2025",67,WARN,Scarborough,04074,4 - Coastal Counties Local Area 4,"16 Washington St; Scarborough, Maine 04074",626,https://joblink.maine.gov/search/warn_lookups/626
US Cellular,"Apr 07, 2025",20,WARN,Washington,20019,3 - Central Western Local Area 3,"4058 Minnesota Ave, NE, Ste 3001; Washington, District Of Columbia 20019",628,https://joblink.maine.gov/search/warn_lookups/628
Northern Light - Inland Hospital,"Mar 25, 2025",50,WARN,Waterville,04901,3 - Central Western Local Area 3,"200 KMD; Waterville, Maine 04901",624,https://joblink.maine.gov/search/warn_lookups/624
Charter Communications,"Dec 10, 2025",176,WARN,Portland,04103,4 - Coastal Counties Local Area 4,"901 Washington Ave; Portland, Maine 04103",645,https://joblink.maine.gov/search/warn_lookups/645
Bon Appetit,"Apr 10, 2025",187,WARN,Waterville,04901,3 - Central Western Local Area 3,"4769 Mayflower Hill; Waterville, Maine 04901",629,https://joblink.maine.gov/search/warn_lookups/629
Trans Axle,"May 16, 2025",18,WARN,Westbrook,04092,3 - Central Western Local Area 3,"8 Scott Drive; Westbrook, Maine 04092",633,https://joblink.maine.gov/search/warn_lookups/633
Loring Job Corps Center,"Jun 03, 2025",114,WARN,Limestone,04750,1 - Northeastern Workforce Board,"36 Montana Rd; Limestone, Maine 04750",635,https://joblink.maine.gov/search/warn_lookups/635
Onsemi,"Jun 13, 2024",53,WARN,South Portland,04106,4 - Coastal Counties Local Area 4,"Running Hill rd; South Portland, Maine 04106",575,https://joblink.maine.gov/search/warn_lookups/575
Yelloh!,"Sep 23, 2024",14,WARN,Hermon,04401,1 - Northeastern Workforce Board,"2000 Odlin Road; Hermon, Maine 04401",588,https://joblink.maine.gov/search/warn_lookups/588
Vimo dba GetInsured,"Dec 27, 2024",1,WARN,Augusta,04333,3 - Central Western Local Area 3,"45 commerce drive; Augusta, Maine 04333",606,https://joblink.maine.gov/search/warn_lookups/606
Parker Hannifin,"Apr 22, 2024",48,WARN,Kittery,03904,4 - Coastal Counties Local Area 4,"9 Cutts Rd ; Kittery, Maine 03904",568,https://joblink.maine.gov/search/warn_lookups/568
Spurwink,"Apr 26, 2024",61,WARN,Augusta,04330,3 - Central Western Local Area 3,"5 Leo Martin Dr ; Augusta, Maine 04330",570,https://joblink.maine.gov/search/warn_lookups/570
Aerotek (Abbott),"Feb 07, 2023",234,WARN,Portland,04102,4 - Coastal Counties Local Area 4,"949 Brighton Avenue; Portland, Maine 04102",457,https://joblink.maine.gov/search/warn_lookups/457
ND Paper Old Town,"Mar 30, 2023",0,WARN,Old Town,04468,1 - Northeastern Workforce Board,"24 Portland St; Old Town, Maine 04468",465,https://joblink.maine.gov/search/warn_lookups/465
David's  Bridal,"Apr 14, 2023",0,WARN,South Portland,04106,4 - Coastal Counties Local Area 4,"374 Maine Mall Rd; South Portland, Maine 04106",469,https://joblink.maine.gov/search/warn_lookups/469
Abbott Rapid Diagnostics,"May 16, 2023",199,WARN,Westbrook,04092,4 - Coastal Counties Local Area 4,"5 bradley dr ; Westbrook, Maine 04092",486,https://joblink.maine.gov/search/warn_lookups/486
Abbott Rapid Diagnostics,"Mar 01, 2023",219,WARN,Westbrook,04092,4 - Coastal Counties Local Area 4,"5 Bradley Rd; Westbrook, Maine 04092",489,https://joblink.maine.gov/search/warn_lookups/489
Bitwise Industries,"Jun 14, 2023",1,WARN,Fresno,93721,3 - Central Western Local Area 3,"70 Van Ness Ave ; Fresno, California 93721",496,https://joblink.maine.gov/search/warn_lookups/496
Puritan Medical Products,"Jun 28, 2023",,WARN,Pittsfield,04967,3 - Central Western Local Area 3,,471,https://joblink.maine.gov/search/warn_lookups/471
Yellow Corporation,"Jul 30, 2023",13,WARN,Fairfield,04937,3 - Central Western Local Area 3,"44 Sheridan Dr; Fairfield, Maine 04937",506,https://joblink.maine.gov/search/warn_lookups/506
Yellow Corporation,"Jul 30, 2023",16,WARN,Westbrook,04092,4 - Coastal Counties Local Area 4,"75 Eisenhower Dr; Westbrook, Maine 04092",505,https://joblink.maine.gov/search/warn_lookups/505
Thriveworks Counseling & Psychiatry,"Sep 25, 2023",1,WARN,Portland,04101,4 - Coastal Counties Local Area 4,"550 Forest Ave #201; Portland, Maine 04101",527,https://joblink.maine.gov/search/warn_lookups/527
First Savings Bank,"Oct 06, 2023",1,WARN,Jeffersonville,47130,4 - Coastal Counties Local Area 4,"702 North Shore Dr ; Jeffersonville, Indiana 47130",530,https://joblink.maine.gov/search/warn_lookups/530
Yelloh!,"Nov 29, 2023",4,WARN,Gorham,04038,4 - Coastal Counties Local Area 4,"5 Hutcherson Dr; Gorham, Maine 04038",543,https://joblink.maine.gov/search/warn_lookups/543
Dragon Cement,"Sep 06, 2023",30,WARN,Thomaston,04861,4 - Coastal Counties Local Area 4,"107 New County Rd; Thomaston, Maine 04861",513,https://joblink.maine.gov/search/warn_lookups/513
Pixelle Speciality Solutions,"Sep 30, 2022",230,WARN,Jay,04239,3 - Central Western Local Area 3,"300 Riley Road; Jay, Maine 04239",444,https://joblink.maine.gov/search/warn_lookups/444
Sweetser,"Jul 11, 2022",139,WARN,Saco,04072,1 - Northeastern Workforce Board,"50 Moody Street; Saco, Maine 04072",432,https://joblink.maine.gov/search/warn_lookups/432
Abbott Laboratories,"Jul 07, 2021",310,WARN,Westbrook,04092,4 - Coastal Counties Local Area 4,"5 Bradley Rd; Westbrook, Maine 04092",383,https://joblink.maine.gov/search/warn_lookups/383
B&M Beans,"Aug 30, 2021",86,WARN,Portland,04103,4 - Coastal Counties Local Area 4,"1 Beanpot Circle; Portland, Maine 04103",389,https://joblink.maine.gov/search/warn_lookups/389
Conform Gissing International,"Sep 20, 2019",38,WARN,,,3 - Central Western Local Area 3,,232,https://joblink.maine.gov/search/warn_lookups/232
Barclays Card,"Jan 08, 2019",227,WARN,,,3 - Central Western Local Area 3,,180,https://joblink.maine.gov/search/warn_lookups/180
Sitel,"Jul 16, 2019",94,WARN,,,1 - Northeastern Workforce Board,,217,https://joblink.maine.gov/search/warn_lookups/217
Covenant Health,"Jul 31, 2019",73,WARN,,,3 - Central Western Local Area 3,,221,https://joblink.maine.gov/search/warn_lookups/221
Olympia Sports Warehouse,"Oct 29, 2019",75,WARN,,,4 - Coastal Counties Local Area 4,,243,https://joblink.maine.gov/search/warn_lookups/243
Growers Express,"Dec 29, 2019",,WARN,,,4 - Coastal Counties Local Area 4,,249,https://joblink.maine.gov/search/warn_lookups/249
Ledgeview Living Center,"Aug 10, 2018",122,WARN,,,3 - Central Western Local Area 3,,149,https://joblink.maine.gov/search/warn_lookups/149
Emery Waterhouse,"Oct 10, 2018",150,WARN,,,4 - Coastal Counties Local Area 4,,162,https://joblink.maine.gov/search/warn_lookups/162
Verso Paper,"Nov 01, 2017",150,WARN,,,3 - Central Western Local Area 3,,54,https://joblink.maine.gov/search/warn_lookups/54
Dollar Express/Family Dollar,"Apr 03, 2017",8,WARN,,,3 - Central Western Local Area 3,,69,https://joblink.maine.gov/search/warn_lookups/69
Dollar Express/Family Dollar,"Apr 03, 2017",5,WARN,,,3 - Central Western Local Area 3,,70,https://joblink.maine.gov/search/warn_lookups/70
Dollar Express/Family Dollar,"Apr 03, 2017",5,WARN,,,3 - Central Western Local Area 3,,71,https://joblink.maine.gov/search/warn_lookups/71
Family Dollar,"May 05, 2017",8,WARN,,,4 - Coastal Counties Local Area 4,,85,https://joblink.maine.gov/search/warn_lookups/85
Owens Corning Composite Materials,"Oct 09, 2017",60,WARN,,,4 - Coastal Counties Local Area 4,,103,https://joblink.maine.gov/search/warn_lookups/103
Owens Corning Composite Materials,"Oct 09, 2017",60,WARN,,,4 - Coastal Counties Local Area 4,,104,https://joblink.maine.gov/search/warn_lookups/104
Sitel,"Dec 08, 2017",150,WARN,,,1 - Northeastern Workforce Board,,109,https://joblink.maine.gov/search/warn_lookups/109
Madison Paper Industries,"Mar 14, 2016",210,WARN,,,3 - Central Western Local Area 3,,49,https://joblink.maine.gov/search/warn_lookups/49
Expera,"Oct 12, 2015",,WARN,,,1 - Northeastern Workforce Board,,50,https://joblink.maine.gov/search/warn_lookups/50
Lincoln Paper and Tissue,"Sep 28, 2015",200,WARN,,,1 - Northeastern Workforce Board,,86,https://joblink.maine.gov/search/warn_lookups/86
Cascade Fiber,"Jun 29, 2015",200,WARN,,,3 - Central Western Local Area 3,,132,https://joblink.maine.gov/search/warn_lookups/132
Verso Paper,"Oct 01, 2014",500,WARN,Bucksport,04416,1 - Northeastern Workforce Board,"2 River Rd; Bucksport, Maine 04416",52,https://joblink.maine.gov/search/warn_lookups/52
UTC,"Nov 01, 2014",395,WARN,,,3 - Central Western Local Area 3,,128,https://joblink.maine.gov/search/warn_lookups/128
Great Northern Paper,"Feb 06, 2014",250,WARN,,,1 - Northeastern Workforce Board,,130,https://joblink.maine.gov/search/warn_lookups/130
William Aurthur / Crane Co,"Apr 18, 2013",270,WARN,,,4 - Coastal Counties Local Area 4,,127,https://joblink.maine.gov/search/warn_lookups/127
Hostess,"Jan 25, 2012",423,WARN,,,3 - Central Western Local Area 3,,131,https://joblink.maine.gov/search/warn_lookups/131
